Square_Footage,Num_Bedrooms,Num_Bathrooms,Year_Built,Lot_Size,Garage_Size,Neighborhood_Quality,y
1360.0,2.0,1.0,1981.0,0.5996366396268326,0.0,5.0,262382.8522740563
4272.0,3.0,3.0,2016.0,4.75301384940204,1.0,6.0,985260.854490162
3592.0,1.0,2.0,2016.0,3.634822720478255,0.0,9.0,777977.3901185812
966.0,1.0,2.0,1977.0,2.73066687604351,1.0,8.0,229698.9186636115
4926.0,2.0,1.0,1993.0,4.699072554837388,0.0,8.0,1041740.8589249004
3944.0,5.0,3.0,1990.0,2.475930043628728,2.0,8.0,879796.9835223783
3671.0,1.0,2.0,2012.0,4.911960066216673,0.0,1.0,814427.8614089885
3419.0,1.0,1.0,1972.0,2.805281407595683,1.0,1.0,703413.1109446795
630.0,3.0,3.0,1997.0,1.0142859649909075,1.0,8.0,173875.03721558454
2185.0,4.0,2.0,1981.0,3.9416043760667474,2.0,5.0,504176.5060593679
1269.0,2.0,2.0,2006.0,3.5550397628502823,1.0,9.0,335332.59275293903
2891.0,2.0,3.0,1982.0,3.9784402458751407,0.0,2.0,635097.3959198
2933.0,5.0,3.0,1973.0,4.781489129265565,2.0,9.0,701133.8041471172
1684.0,5.0,3.0,1988.0,3.994201861929581,1.0,8.0,440726.2848162878
3885.0,2.0,3.0,1983.0,3.251014709974911,1.0,9.0,838719.430503504
4617.0,5.0,1.0,2005.0,4.3578900606237845,0.0,4.0,1019192.6613592046
3404.0,3.0,3.0,1977.0,3.529608977095392,0.0,1.0,735850.8123421574
974.0,2.0,2.0,1986.0,2.336535755716654,2.0,1.0,234261.64997473892
1582.0,5.0,2.0,1956.0,4.48528893908798,1.0,5.0,396246.3588887452
3058.0,2.0,1.0,2017.0,1.498552073529678,0.0,2.0,672852.0519810001
2547.0,4.0,2.0,1986.0,3.715885737089259,2.0,8.0,586086.5685389101
3247.0,1.0,2.0,2005.0,4.467035547233406,1.0,10.0,740174.0146550778
1475.0,2.0,3.0,2014.0,3.790924338664833,1.0,5.0,370167.09090271546
2306.0,1.0,2.0,2014.0,3.637739385742356,2.0,5.0,530824.1967752124
689.0,5.0,1.0,1996.0,3.8868723233232623,2.0,2.0,227515.3002879812
3234.0,1.0,3.0,1969.0,2.5927486173529,0.0,7.0,652166.1423658864
3505.0,2.0,3.0,1968.0,4.433768069706617,1.0,8.0,745670.6371477235
2399.0,4.0,1.0,1978.0,1.4154641381124105,1.0,10.0,513161.95119306416
1767.0,5.0,3.0,2009.0,1.073238872001527,1.0,1.0,432357.9061027443
2028.0,2.0,3.0,1967.0,1.784789510533302,2.0,2.0,434165.8966340506
3702.0,5.0,1.0,1984.0,2.892098285487469,0.0,10.0,809686.201143527
4056.0,3.0,3.0,1992.0,2.7975280793420216,1.0,4.0,883819.0911218557
4390.0,1.0,1.0,1960.0,4.19269440954464,2.0,5.0,912468.0479046734
1146.0,3.0,1.0,1998.0,2.3205589538180784,1.0,2.0,281313.0614448485
3388.0,2.0,2.0,1987.0,2.679549918311789,0.0,1.0,705923.3148916194
2935.0,4.0,2.0,2013.0,0.5601545746672804,1.0,9.0,656980.4604282172
1100.0,5.0,3.0,2018.0,2.343826563993226,0.0,1.0,318266.2771320871
2863.0,1.0,3.0,1957.0,3.4149840482765392,0.0,4.0,582468.7977365239
2561.0,5.0,1.0,1983.0,0.5697874878196648,1.0,2.0,541967.633559251
741.0,2.0,3.0,1997.0,1.763968843338097,1.0,4.0,188531.42345710637
2541.0,5.0,1.0,2005.0,1.4358036168022548,0.0,8.0,565562.7504321395
3324.0,1.0,1.0,2014.0,0.688934430093147,2.0,8.0,697574.5556670319
3112.0,2.0,3.0,1980.0,2.6566704046154186,0.0,9.0,666733.4734616925
1863.0,5.0,1.0,1953.0,1.317754819526704,1.0,5.0,376388.0216286443
1978.0,4.0,2.0,1999.0,3.8438669283412095,1.0,7.0,485380.95019563066
3056.0,2.0,3.0,2018.0,4.315675476935068,2.0,3.0,735678.4622017285
1275.0,2.0,2.0,1979.0,2.9551333220111653,0.0,10.0,296291.0010075069
4514.0,4.0,3.0,2008.0,4.917683041345137,0.0,4.0,1046315.8960136625
534.0,3.0,1.0,2016.0,2.527153571617679,0.0,10.0,187508.58531168045
3652.0,1.0,3.0,1994.0,2.81015694601212,1.0,9.0,793995.2848757812
2455.0,3.0,2.0,1953.0,4.951479892809876,0.0,10.0,527393.5128875901
2085.0,5.0,1.0,1975.0,1.5419679618427198,2.0,10.0,467768.122943975
4443.0,4.0,3.0,1976.0,4.741456728546074,1.0,1.0,981190.782911222
3573.0,3.0,3.0,1995.0,0.6927689980360097,1.0,2.0,750481.7169351575
1521.0,2.0,3.0,2013.0,2.5087410061843767,0.0,5.0,377511.26849809097
3961.0,5.0,2.0,2000.0,0.815015804598796,2.0,3.0,866877.3524150968
3113.0,5.0,2.0,1999.0,3.7815563431113937,1.0,2.0,731331.6610567131
4343.0,3.0,3.0,1955.0,3.23784021146008,1.0,1.0,899382.8651584806
2000.0,3.0,1.0,2008.0,3.679854185604184,0.0,10.0,485622.401919989
661.0,4.0,1.0,1964.0,2.1851617998560764,0.0,3.0,147601.55157708153
4797.0,1.0,2.0,1979.0,2.162668703141211,2.0,1.0,986006.861736761
2481.0,3.0,1.0,1991.0,0.7039367553240257,0.0,1.0,509725.550655089
1495.0,3.0,2.0,1986.0,2.074752227883379,2.0,1.0,346932.6209008944
3842.0,2.0,3.0,1991.0,4.681797810179267,1.0,8.0,863289.3969030941
4298.0,5.0,2.0,1984.0,2.2065194173120206,2.0,3.0,919295.8540615214
1775.0,1.0,2.0,1955.0,4.241154677998865,2.0,1.0,406069.2709127523
1516.0,2.0,3.0,2017.0,4.290464771374703,2.0,7.0,397346.1108776756
837.0,4.0,1.0,1967.0,2.1795852037065524,1.0,10.0,191117.1012230497
1378.0,4.0,2.0,2022.0,3.3439490617828507,0.0,3.0,384461.3548261602
1576.0,3.0,2.0,1978.0,0.9291722102287638,1.0,8.0,340980.72481778456
4493.0,3.0,3.0,2008.0,0.9665536133042444,0.0,4.0,951093.5469938468
879.0,4.0,1.0,1996.0,0.7189594864777099,2.0,4.0,217010.48526715024
992.0,3.0,2.0,1966.0,3.114567920187993,2.0,5.0,248224.0196560961
2562.0,1.0,3.0,1971.0,2.417319399317437,2.0,6.0,538349.0962151848
4384.0,3.0,2.0,2017.0,2.9661456049890806,2.0,7.0,985223.9966541852
564.0,5.0,3.0,2018.0,2.844829357287745,2.0,4.0,242865.9315016322
3068.0,3.0,1.0,1986.0,2.0759134599082865,0.0,8.0,654466.9454086807
2527.0,2.0,1.0,1998.0,3.548630366705628,0.0,6.0,551967.8882668803
3195.0,1.0,1.0,1962.0,3.913258464123758,2.0,1.0,663904.9927177994
1995.0,2.0,1.0,1983.0,0.5658271649495408,1.0,1.0,397482.74798703607
891.0,2.0,2.0,2002.0,1.4325903489599523,1.0,9.0,209632.84147750464
4974.0,5.0,2.0,2000.0,3.709561406375016,2.0,10.0,1107045.062935083
4061.0,1.0,1.0,1952.0,2.239790776852254,0.0,6.0,787420.4040749857
2778.0,1.0,1.0,1991.0,3.4811777612372365,1.0,10.0,605371.7047170609
3599.0,1.0,1.0,1981.0,2.061331968805513,1.0,8.0,721018.0639031393
700.0,1.0,2.0,2000.0,2.258398185483367,1.0,7.0,199066.37891066872
3604.0,1.0,1.0,1995.0,1.2140549316035822,2.0,6.0,730047.4973881331
2954.0,5.0,1.0,1970.0,1.6620395884977202,1.0,4.0,627923.6171994702
4145.0,3.0,1.0,1993.0,3.2243529087841427,1.0,7.0,898283.8867356428
1304.0,2.0,3.0,1960.0,2.4492340009182487,1.0,9.0,277832.10571177263
3231.0,1.0,1.0,2017.0,3.9843620732506784,1.0,10.0,731490.1175330897
3273.0,3.0,3.0,1950.0,4.336632297222542,0.0,10.0,688357.648480334
2070.0,3.0,3.0,2012.0,2.9374088819754194,2.0,7.0,525582.3102214569
3190.0,2.0,1.0,1973.0,3.912202814252266,2.0,1.0,684824.5348634415
4340.0,5.0,3.0,1962.0,1.881070309375565,0.0,10.0,903251.9405609448
1528.0,4.0,1.0,1960.0,2.367370469300352,0.0,9.0,323118.7393152309
1002.0,4.0,2.0,2000.0,3.7074995429757394,2.0,4.0,307101.6858385633
4993.0,3.0,2.0,1966.0,2.237953967676638,1.0,3.0,1020324.7565966452
1370.0,2.0,2.0,1973.0,3.1482722082154497,1.0,4.0,304730.506229004
4988.0,4.0,2.0,1968.0,1.3341775058713017,2.0,4.0,1026397.296612232
706.0,3.0,3.0,1986.0,3.198970917367241,1.0,10.0,199414.94263280893
1984.0,5.0,1.0,1957.0,4.376811682521021,0.0,2.0,472657.61431723344
1363.0,4.0,1.0,1977.0,4.408878379205415,1.0,1.0,340069.229775934
3290.0,3.0,1.0,1954.0,3.759549828482928,1.0,10.0,696709.415289048
1063.0,3.0,2.0,1966.0,3.855890205842567,1.0,1.0,266533.05392411625
4691.0,1.0,2.0,1985.0,3.010673503178153,2.0,8.0,971514.7620428528
2257.0,5.0,1.0,1968.0,3.1310064057462115,0.0,2.0,501305.5489940659
2178.0,1.0,2.0,2013.0,1.101427616347331,1.0,10.0,480961.44203831744
3742.0,2.0,1.0,1960.0,2.4973663478958548,2.0,5.0,758977.8818675748
1559.0,1.0,1.0,2003.0,2.528493277488637,1.0,4.0,364658.5286208398
2222.0,1.0,1.0,1994.0,4.813240260504831,0.0,8.0,515813.7578353911
3814.0,4.0,1.0,1996.0,2.439890881804802,1.0,2.0,834587.5117736553
3657.0,3.0,1.0,1961.0,2.9720419020624096,0.0,10.0,747384.0608082061
3125.0,5.0,1.0,1970.0,2.899631296755961,1.0,9.0,667696.0449735246
3229.0,1.0,1.0,1960.0,3.365427726699472,0.0,7.0,645145.5398468642
2097.0,5.0,2.0,1954.0,3.8670477409935313,1.0,7.0,481368.1255215702
3560.0,1.0,1.0,2005.0,1.5126884427689244,0.0,1.0,740148.1937768575
3193.0,2.0,1.0,1969.0,2.879259885942961,1.0,2.0,639073.1842415399
4127.0,1.0,2.0,1990.0,4.216629682922137,1.0,4.0,886568.3132277146
1863.0,4.0,2.0,1995.0,2.5840162122688017,2.0,4.0,450941.1354372639
2481.0,3.0,2.0,1961.0,1.7530589586810783,2.0,3.0,513720.44181706064
2163.0,2.0,1.0,2019.0,3.446190839103346,0.0,7.0,521205.600976709
2029.0,1.0,3.0,1966.0,4.2069532810960535,1.0,8.0,455122.0999589496
2538.0,5.0,3.0,1968.0,0.784131318173261,0.0,2.0,551463.8888534079
3802.0,2.0,2.0,1975.0,3.995557175332522,2.0,4.0,816173.7524264855
2737.0,2.0,3.0,1997.0,4.197415698327971,0.0,3.0,637736.0103999889
1806.0,1.0,2.0,2001.0,2.576853174148731,0.0,2.0,420203.4615575062
4529.0,2.0,1.0,2019.0,4.924875455683103,2.0,6.0,1026790.0663279732
3175.0,5.0,3.0,2004.0,4.040187533182891,1.0,4.0,744681.397063456
1782.0,2.0,1.0,1982.0,3.981481542030496,0.0,6.0,400585.46235503367
1209.0,5.0,3.0,2011.0,3.865273584854323,2.0,2.0,368327.4567183169
4913.0,1.0,1.0,1972.0,1.177736464482233,1.0,4.0,977158.5923179968
4248.0,3.0,3.0,1964.0,1.4775389890385486,2.0,6.0,883626.6203857235
1163.0,2.0,1.0,1976.0,2.5879555915899126,0.0,5.0,244030.4071335913
2498.0,3.0,1.0,2013.0,1.6880195748175963,1.0,3.0,558598.6787614333
3945.0,5.0,3.0,2000.0,2.368584375503182,1.0,8.0,860329.4923109863
4243.0,2.0,1.0,2002.0,4.498088494653143,2.0,7.0,947490.777477816
1995.0,4.0,1.0,2000.0,4.209471013456712,2.0,3.0,492018.32279508375
3804.0,3.0,1.0,1996.0,3.33517945315992,2.0,6.0,832386.3311958439
4263.0,2.0,3.0,1953.0,4.361541774129966,1.0,4.0,893926.6294720689
2353.0,3.0,3.0,1956.0,4.026975750577622,1.0,5.0,534464.9120087984
1791.0,2.0,1.0,1984.0,2.430432193284007,0.0,5.0,355281.41848528635
4081.0,1.0,1.0,1997.0,1.404793184224753,1.0,7.0,834105.7943401121
3957.0,3.0,3.0,2022.0,2.813904680042026,0.0,5.0,885550.3826256534
2136.0,4.0,3.0,2021.0,3.813029971378476,2.0,3.0,551859.0856947603
4196.0,4.0,1.0,1994.0,2.4638881942831685,2.0,10.0,922420.588370604
3499.0,5.0,1.0,2021.0,3.5004735940275373,1.0,5.0,804433.8093218554
3652.0,2.0,1.0,1968.0,0.9244734183096964,2.0,7.0,734985.0630470021
1198.0,3.0,2.0,2012.0,3.866021313671316,2.0,5.0,346152.8475921306
2660.0,5.0,3.0,1987.0,4.157211289518779,1.0,5.0,649973.3618681368
4597.0,3.0,2.0,2016.0,3.680770351012435,0.0,9.0,1006939.6644174114
1354.0,2.0,3.0,2008.0,4.852686143868645,1.0,3.0,370260.6031667921
3974.0,4.0,3.0,2018.0,4.219934258572882,0.0,6.0,928059.7129533672
2207.0,1.0,3.0,1962.0,4.563921775444422,1.0,1.0,492112.0397149675
3277.0,4.0,3.0,1996.0,4.7010698755594165,1.0,10.0,752466.6746666236
2233.0,5.0,3.0,2010.0,4.106065963432139,2.0,5.0,573797.9393068494
4010.0,1.0,3.0,1980.0,3.534164789029246,1.0,8.0,854876.2983739193
702.0,5.0,3.0,1971.0,0.5257336161235517,1.0,5.0,183663.6464573192
3755.0,2.0,2.0,1992.0,2.596215889504061,0.0,9.0,788150.9318106314
4718.0,1.0,1.0,2016.0,3.0702303438006244,2.0,6.0,981510.89525884
4996.0,5.0,1.0,2003.0,1.8681362260159984,0.0,8.0,1070454.2752476104
1266.0,2.0,2.0,1959.0,1.931470011065624,0.0,10.0,241968.8432665446
4889.0,4.0,2.0,1991.0,4.825217370695743,2.0,8.0,1064004.872579212
2827.0,2.0,2.0,2013.0,4.512698893412357,2.0,3.0,640767.2241513439
3431.0,3.0,2.0,1970.0,4.321305524757669,2.0,7.0,762159.3914733424
697.0,2.0,3.0,2015.0,2.327053107677498,1.0,7.0,216591.97111921213
2430.0,2.0,1.0,1990.0,0.5616434768401155,2.0,10.0,497168.0883454792
4082.0,3.0,3.0,1973.0,0.8610001090507133,2.0,6.0,857205.2452653883
1108.0,5.0,1.0,1984.0,1.9048836569792165,2.0,7.0,285546.501684919
3772.0,5.0,1.0,2005.0,0.5708431084805464,0.0,2.0,819125.6470544274
1647.0,2.0,2.0,1979.0,0.5771740186183916,0.0,9.0,316130.2555576059
4782.0,3.0,3.0,2006.0,4.62471485739085,1.0,10.0,1067425.216621323
3897.0,3.0,2.0,1996.0,3.677713259535744,0.0,10.0,837398.565143556
3011.0,4.0,3.0,1984.0,1.890301955306687,1.0,1.0,658260.7060110456
2294.0,5.0,1.0,1968.0,1.0969005992042893,0.0,1.0,475767.3504503976
1159.0,1.0,2.0,1957.0,2.802360730527847,2.0,3.0,250101.5473305484
3311.0,5.0,2.0,1975.0,0.52405772384464,0.0,3.0,688516.5046690886
1869.0,5.0,1.0,2020.0,4.722861847361648,1.0,1.0,510876.9990932239
2486.0,4.0,1.0,1979.0,2.366668037250262,0.0,7.0,543734.421890143
646.0,1.0,1.0,1956.0,2.3105072985679973,2.0,4.0,146406.89625235138
3719.0,4.0,2.0,2016.0,2.25767123411802,1.0,10.0,828512.1019589091
3411.0,1.0,3.0,2014.0,0.8119774867449414,2.0,2.0,719969.4352945103
2234.0,2.0,2.0,1985.0,3.37245007906322,2.0,10.0,507847.5873391124
2343.0,1.0,3.0,1974.0,3.79851628832759,1.0,5.0,507554.9440535184
988.0,4.0,2.0,1986.0,3.542564289147306,2.0,6.0,294558.07202157495
3476.0,5.0,2.0,1950.0,1.1229597199822745,2.0,9.0,712212.2154102818
2459.0,1.0,1.0,1964.0,3.1047807561601664,0.0,4.0,491715.9476636626
2885.0,1.0,3.0,1986.0,3.062680178775142,2.0,2.0,625227.045470116
3419.0,3.0,2.0,1962.0,4.407848545736219,2.0,5.0,752101.9024207598
2302.0,5.0,2.0,1957.0,2.2060744626904114,2.0,3.0,501913.6471080413
4561.0,2.0,1.0,1954.0,2.171686746467454,2.0,2.0,907358.632995708
3869.0,4.0,1.0,2009.0,3.283371764231835,1.0,1.0,878704.0956397129
762.0,2.0,3.0,2022.0,3.3488269407478084,0.0,10.0,237070.7057045996
1123.0,5.0,2.0,1950.0,2.6117835229660566,2.0,2.0,267132.4135848208
1516.0,1.0,3.0,1985.0,2.493767130486895,2.0,6.0,353129.5684734057
4143.0,1.0,2.0,1984.0,2.723664517870472,1.0,8.0,845141.6166638864
2549.0,5.0,3.0,2015.0,4.374703847764904,2.0,3.0,656223.1627305328
4223.0,1.0,1.0,2012.0,2.575251055642595,1.0,9.0,884677.6890798345
3608.0,1.0,2.0,1972.0,4.729693063864201,0.0,9.0,775773.2237663032
4590.0,1.0,3.0,1958.0,2.768016936183467,0.0,2.0,918893.7439235622
2556.0,4.0,1.0,1983.0,4.771403119314011,2.0,8.0,607698.7371081988
3670.0,4.0,1.0,1995.0,4.247743558410841,2.0,10.0,838774.4840391098
2182.0,3.0,3.0,1953.0,2.130940951771231,2.0,5.0,470978.4795328964
2755.0,2.0,2.0,1979.0,4.386386395834772,1.0,4.0,616308.9624199027
1654.0,5.0,2.0,2021.0,0.9952847789050184,2.0,10.0,417416.2622542783
4999.0,5.0,1.0,1952.0,4.662712289043565,2.0,5.0,1060976.488572305
3691.0,5.0,2.0,1963.0,3.342395817873012,0.0,4.0,809046.2841762663
2196.0,3.0,2.0,2009.0,0.7447583683504003,2.0,8.0,485376.42332357954
4491.0,4.0,2.0,1994.0,3.399155256428652,0.0,4.0,965816.66811073
2148.0,3.0,1.0,1983.0,4.884114443651402,2.0,10.0,517515.4060050993
1945.0,5.0,3.0,1994.0,0.8141029457658302,0.0,6.0,438250.1761546225
4699.0,2.0,2.0,2010.0,2.9960946940103885,2.0,2.0,1008240.7854354944
4423.0,1.0,1.0,1965.0,3.865074573917176,0.0,5.0,888140.07598706
753.0,4.0,1.0,2015.0,4.146163640147891,1.0,6.0,252963.3562076132
3683.0,4.0,3.0,1989.0,2.362223593943581,0.0,5.0,801206.2036701888
3057.0,3.0,2.0,1966.0,1.4187495162570936,0.0,2.0,624112.1600204634
598.0,4.0,2.0,1983.0,0.6905402544757273,0.0,7.0,155471.16626013073
2700.0,5.0,3.0,1965.0,3.1087677069375115,2.0,4.0,617900.4948407207
3461.0,5.0,3.0,2009.0,2.5380998162042485,2.0,8.0,798362.7750475319
4933.0,3.0,1.0,2015.0,4.7693497781737,2.0,7.0,1096158.2899088082
4277.0,5.0,1.0,2015.0,0.772722084717094,1.0,7.0,927092.4059599084
3369.0,2.0,3.0,1962.0,3.5842790455070257,1.0,9.0,728289.8873118911
3734.0,3.0,2.0,2005.0,0.6123479995402572,0.0,1.0,785248.3619879358
4291.0,2.0,1.0,1980.0,1.2714537951974425,1.0,10.0,862580.4983858576
1456.0,1.0,1.0,1983.0,2.541105499652754,0.0,6.0,297387.92248393584
4567.0,2.0,2.0,1988.0,2.546925992612907,0.0,6.0,938151.8372450712
660.0,1.0,1.0,2016.0,3.5856524432013974,0.0,6.0,203447.4833684562
4993.0,1.0,2.0,1957.0,4.595958656904905,1.0,6.0,1038319.1650899692
1800.0,2.0,2.0,2004.0,3.375644715117144,2.0,10.0,443408.3059778237
4487.0,3.0,2.0,1976.0,4.79090794033179,1.0,7.0,971977.0246414564
2027.0,5.0,3.0,2002.0,4.467270379450989,0.0,10.0,539478.4031506823
1718.0,5.0,3.0,1988.0,3.1302490798885563,0.0,6.0,424712.5512524801
4996.0,1.0,3.0,2014.0,4.252063779134723,1.0,1.0,1102533.6490590929
3604.0,1.0,2.0,1966.0,3.3915992464563534,0.0,3.0,740286.5597469498
3235.0,3.0,2.0,1979.0,0.8535102391567722,0.0,2.0,655719.1459405582
1454.0,4.0,3.0,2002.0,3.832541254667795,1.0,6.0,402213.42189319455
3946.0,2.0,1.0,1962.0,0.927087985703058,1.0,8.0,779202.6809723858
1545.0,1.0,2.0,1970.0,3.173372512563706,1.0,3.0,338170.31528112484
2193.0,5.0,1.0,1968.0,3.6618809263620298,0.0,10.0,497340.9981159924
3936.0,3.0,1.0,2002.0,0.7993742369488486,0.0,8.0,815811.6827370644
1062.0,2.0,2.0,1968.0,1.538575942669393,2.0,8.0,250362.35906874528
2985.0,3.0,2.0,2006.0,4.620525045177424,2.0,5.0,717150.4421296231
3854.0,2.0,1.0,1974.0,3.2734152150480336,1.0,8.0,811129.4971755756
725.0,2.0,1.0,1980.0,1.608287084647392,2.0,6.0,165242.29785174478
1459.0,1.0,3.0,2004.0,3.60805897016603,0.0,5.0,370992.4565584571
3567.0,3.0,3.0,1972.0,3.1854938898276037,2.0,9.0,779362.3561113286
1315.0,3.0,2.0,1981.0,2.757090649630768,0.0,7.0,308618.40727220185
3620.0,5.0,3.0,2011.0,4.892841387446377,1.0,8.0,861356.9775590366
516.0,5.0,3.0,1959.0,3.57554199833379,1.0,1.0,171023.95659837997
1743.0,1.0,3.0,2021.0,2.189484993505607,0.0,2.0,381738.0175438036
2705.0,1.0,3.0,2003.0,4.100330444345905,2.0,8.0,628610.9650581649
3024.0,4.0,1.0,2001.0,4.480624818145345,1.0,9.0,698124.6114710766
1569.0,5.0,2.0,1969.0,1.0634925178257415,1.0,4.0,362679.08775021497
3944.0,2.0,3.0,1981.0,1.4024884003036993,2.0,10.0,822030.766712673
3065.0,3.0,1.0,1963.0,1.4730215410750087,2.0,10.0,611205.6889207754
1560.0,1.0,1.0,1999.0,3.610453142239432,0.0,9.0,359657.9955923103
2827.0,3.0,1.0,1977.0,3.213677997739775,2.0,4.0,605143.9591154716
3920.0,3.0,3.0,2002.0,3.2854620411436466,2.0,10.0,881016.0047742793
801.0,4.0,3.0,1973.0,4.733479848602754,2.0,10.0,258111.6713724362
4776.0,5.0,2.0,1971.0,3.9916018976328766,0.0,10.0,1038652.4247755758
1106.0,1.0,3.0,1979.0,1.0757161603030243,0.0,9.0,219426.92448759967
3670.0,3.0,3.0,2012.0,2.0637818709133144,1.0,7.0,813296.8090259811
1199.0,1.0,1.0,1953.0,2.45927140779081,0.0,2.0,211038.85316259583
1639.0,2.0,2.0,2008.0,2.281827149364222,1.0,9.0,395042.3550597105
690.0,4.0,3.0,1957.0,3.5118887412284563,2.0,4.0,203867.04292282808
2800.0,2.0,3.0,1961.0,4.513518964654532,1.0,8.0,619660.8346800937
1480.0,1.0,1.0,1980.0,1.877231585852546,1.0,7.0,304174.6641013576
3475.0,1.0,1.0,1983.0,2.983447113895336,2.0,7.0,731899.435616318
1684.0,5.0,3.0,1998.0,4.052342398611136,1.0,8.0,467628.527062253
3827.0,3.0,2.0,2006.0,2.372981264804072,0.0,1.0,827143.776401641
3894.0,3.0,2.0,1975.0,1.2565315777968311,0.0,5.0,797034.4255040532
627.0,2.0,1.0,1967.0,2.637279343686867,0.0,2.0,126097.92716348889
2565.0,4.0,1.0,1987.0,0.7485013433436281,0.0,2.0,527544.910534171
2316.0,3.0,3.0,1999.0,4.740725543010246,1.0,1.0,570289.0160760867
1069.0,5.0,1.0,1957.0,0.8366954233773787,1.0,5.0,234389.76681767972
2395.0,2.0,3.0,1990.0,2.473055218627602,2.0,2.0,534533.0200368982
3233.0,2.0,2.0,1955.0,2.884465674898368,1.0,4.0,660507.8198303543
4363.0,5.0,2.0,2018.0,4.9338672452927845,1.0,3.0,1008539.156234348
4514.0,4.0,3.0,1993.0,1.2470982063928735,1.0,3.0,955158.90638745
3401.0,5.0,1.0,2013.0,1.0149418337556135,2.0,2.0,756373.8420634224
2186.0,4.0,2.0,1978.0,0.5391776617814461,0.0,6.0,441315.08847493527
3509.0,5.0,1.0,1977.0,1.2000714659118603,1.0,2.0,749610.4677553453
654.0,5.0,2.0,1960.0,1.4327284058045042,2.0,8.0,158636.70310577296
3037.0,1.0,3.0,2014.0,3.3376142371239155,2.0,8.0,699683.2484112402
1909.0,2.0,3.0,1968.0,1.4886805567613015,2.0,5.0,390430.2223774808
4557.0,5.0,3.0,1958.0,0.5923436662819634,0.0,10.0,935973.5562996916
1284.0,5.0,2.0,1976.0,4.219782554761199,1.0,7.0,350816.184399563
3675.0,3.0,1.0,1983.0,2.1451806545178504,2.0,4.0,779019.7305378267
4841.0,2.0,1.0,1993.0,2.0916350896133027,0.0,1.0,987630.2411262016
3306.0,3.0,1.0,2017.0,1.8611556312556696,2.0,2.0,733612.8163648158
1037.0,2.0,2.0,1964.0,4.889179747158894,2.0,10.0,255907.13436003952
2341.0,3.0,2.0,2000.0,1.2655193778917666,2.0,10.0,517655.1581174146
2955.0,5.0,2.0,1962.0,4.542071287789558,2.0,4.0,684425.2003263966
1024.0,5.0,2.0,1998.0,3.995614994629496,2.0,1.0,323701.2441901499
3450.0,1.0,2.0,2019.0,0.8441597997469088,0.0,8.0,724814.2264216079
4631.0,3.0,1.0,2005.0,4.940280956753819,1.0,9.0,1015556.1485920788
4615.0,4.0,2.0,2000.0,1.7211468359255475,1.0,4.0,993273.0796606252
2868.0,1.0,2.0,1986.0,0.9436231716008556,1.0,10.0,581948.159950993
4347.0,3.0,1.0,1966.0,4.231914053565918,1.0,3.0,895675.5548211845
4995.0,3.0,2.0,2007.0,3.6800399015496494,0.0,2.0,1092026.89678641
3201.0,1.0,1.0,1978.0,3.277484626450553,0.0,5.0,662119.9410580613
1471.0,5.0,1.0,1982.0,1.2019138866451993,0.0,3.0,341253.2207795087
1666.0,3.0,3.0,2009.0,2.653232523151829,2.0,10.0,412045.7826588494
3274.0,5.0,3.0,2004.0,4.012502120992462,2.0,7.0,748220.493682927
2482.0,1.0,3.0,1959.0,1.8663077216472808,2.0,6.0,507185.45440816105
1353.0,5.0,3.0,1996.0,1.9026042283176865,1.0,1.0,354054.70019158506
4646.0,2.0,2.0,1972.0,0.5141340772165495,2.0,8.0,915005.2948821838
4236.0,4.0,3.0,1970.0,1.284095307404208,1.0,2.0,872676.434152397
4269.0,3.0,1.0,1962.0,4.439325313048254,2.0,5.0,934942.0571329228
1074.0,4.0,2.0,1982.0,2.487859212369682,1.0,9.0,269061.7820440072
3761.0,5.0,3.0,1973.0,4.929055246554952,2.0,8.0,867445.4184620865
1648.0,3.0,1.0,1960.0,2.2806858360820668,2.0,2.0,342303.6892675472
2215.0,5.0,2.0,1966.0,3.7183390465110855,0.0,9.0,486872.0567091347
4354.0,2.0,2.0,2017.0,1.768635693071281,2.0,5.0,935626.95292811
2991.0,1.0,3.0,1996.0,2.137143385134201,2.0,10.0,644601.105174152
3160.0,3.0,2.0,1974.0,1.358266944159026,0.0,6.0,645375.2217757016
3624.0,2.0,1.0,2022.0,2.0617806582472773,1.0,3.0,786580.3015186453
3551.0,2.0,2.0,1970.0,2.962568841892894,0.0,3.0,740281.2153448497
504.0,3.0,1.0,1961.0,4.962977964406623,0.0,10.0,149743.4999535613
1376.0,5.0,2.0,1986.0,3.488907708823036,1.0,8.0,348893.55395287194
1491.0,2.0,3.0,1991.0,1.3966067948374132,2.0,10.0,346010.94983818056
4642.0,4.0,1.0,1966.0,0.7023264871619801,1.0,10.0,915441.1797542056
4864.0,2.0,2.0,1997.0,1.0686041659152976,2.0,2.0,988325.4879158876
4965.0,5.0,2.0,1977.0,3.0314984057287133,2.0,2.0,1075864.2810329462
1135.0,5.0,2.0,1990.0,3.943221479675449,1.0,5.0,329218.5249164853
2193.0,4.0,1.0,1996.0,4.731886432853361,0.0,6.0,530004.3428420601
2182.0,2.0,1.0,1967.0,0.5712042739856937,1.0,2.0,408013.5790622347
619.0,5.0,1.0,2020.0,2.852420637028414,2.0,5.0,224507.20014868543
1330.0,3.0,3.0,1962.0,2.6189031030042957,1.0,7.0,300656.0790681994
4175.0,1.0,3.0,1962.0,3.452247598890668,1.0,10.0,848824.7742976189
1869.0,1.0,1.0,1980.0,3.018104845094039,2.0,10.0,396681.2860961783
1240.0,1.0,2.0,1951.0,3.5916761776211623,0.0,8.0,262398.4460460842
616.0,2.0,3.0,1965.0,3.4613716313713567,1.0,7.0,180393.6281134625
3338.0,4.0,1.0,1958.0,1.026552761860758,2.0,8.0,671803.9439013259
1650.0,5.0,2.0,2022.0,4.098730611284238,2.0,9.0,474045.8427124246
2431.0,3.0,3.0,1987.0,1.054546590723462,1.0,5.0,505877.59815497726
1512.0,3.0,2.0,2003.0,3.643387813441117,0.0,5.0,389645.3296127529
2164.0,2.0,2.0,2005.0,2.3726541543827304,1.0,10.0,483350.32816846616
1581.0,1.0,2.0,1994.0,2.812328305594691,0.0,4.0,358458.3807510001
1012.0,2.0,2.0,1983.0,4.564841064690698,0.0,9.0,264395.09178796335
3349.0,4.0,3.0,1958.0,4.504476769130689,0.0,5.0,749571.2916347987
1059.0,4.0,3.0,1957.0,4.180353375447632,0.0,2.0,263760.9441483153
4172.0,5.0,3.0,1956.0,2.7956677120534548,1.0,10.0,894611.0786564201
3843.0,5.0,1.0,1985.0,3.813079145602249,2.0,8.0,853001.1125510683
4570.0,4.0,3.0,1967.0,2.8080367498346424,2.0,7.0,972537.496467423
1970.0,4.0,2.0,1952.0,4.413227371136498,2.0,8.0,453359.87163545546
1080.0,4.0,3.0,1977.0,2.3124912495480494,2.0,3.0,270230.63769827964
2794.0,2.0,2.0,2019.0,4.866059049866946,2.0,4.0,673649.8960889375
3647.0,4.0,1.0,1993.0,4.695452412029949,2.0,5.0,827205.303959231
4749.0,3.0,2.0,1970.0,3.8372117875330343,1.0,6.0,1007770.5792970628
2179.0,1.0,2.0,1977.0,1.757371478792324,0.0,1.0,443005.62363881344
4006.0,4.0,2.0,2003.0,1.0924411495696629,2.0,4.0,871566.5627396672
3244.0,1.0,1.0,2003.0,4.346165525419389,1.0,10.0,726227.5690417645
3856.0,2.0,3.0,2014.0,1.2438602876208258,2.0,5.0,824351.6710960343
4545.0,1.0,3.0,1970.0,4.34417355048801,2.0,7.0,973850.3282632278
1743.0,2.0,1.0,1962.0,2.708442530205622,0.0,5.0,344363.2736819858
3618.0,3.0,2.0,2006.0,2.329505527136469,0.0,1.0,793421.1417884243
2641.0,2.0,3.0,1998.0,4.564358504754931,0.0,7.0,621862.7654183527
3559.0,2.0,1.0,2003.0,3.2173294214312507,2.0,8.0,758946.7724048437
3459.0,5.0,3.0,1959.0,3.09476303208373,2.0,7.0,759151.2379465501
2765.0,4.0,1.0,2002.0,3.0144467508097894,2.0,4.0,630531.7401285437
2979.0,4.0,2.0,1993.0,2.1702628220878912,0.0,8.0,646766.2897519646
2135.0,3.0,3.0,1996.0,4.035393965881072,1.0,5.0,533039.4327952061
2257.0,3.0,1.0,2002.0,1.6375929980709785,2.0,10.0,496427.1035646905
4952.0,4.0,3.0,1995.0,4.725027320185737,2.0,9.0,1099211.6405116057
2570.0,5.0,3.0,1962.0,4.522933422711324,2.0,10.0,605600.9507407207
3349.0,4.0,3.0,1986.0,2.0186614655370416,1.0,5.0,738935.8194460399
3751.0,5.0,3.0,1973.0,3.782586964242487,2.0,1.0,839522.318603536
4230.0,3.0,1.0,1951.0,3.079504375023161,1.0,9.0,874856.2710820399
2989.0,1.0,2.0,1963.0,2.019421858996556,2.0,5.0,609401.0845045892
2131.0,3.0,1.0,1959.0,4.9483474159795104,1.0,6.0,457643.0980423783
3316.0,3.0,1.0,1984.0,0.6135680563171889,2.0,4.0,676108.8512096877
1515.0,2.0,1.0,1974.0,1.63690713779579,0.0,6.0,300935.18607341987
1848.0,2.0,2.0,1952.0,2.8403332750001766,0.0,8.0,381998.6086592969
3587.0,2.0,3.0,1966.0,2.848788515653537,0.0,3.0,720883.657171062
3339.0,2.0,3.0,1961.0,3.1501988372550387,0.0,5.0,722543.0796460027
835.0,5.0,3.0,2003.0,3.8825427741031366,2.0,2.0,294548.40256048914
1395.0,4.0,2.0,1973.0,3.3056502373368337,0.0,2.0,336073.5215992294
4046.0,1.0,3.0,1978.0,3.2012665723761664,1.0,7.0,863034.675749834
1351.0,3.0,2.0,1992.0,0.7408150831086948,0.0,10.0,319748.76677475666
2187.0,5.0,3.0,1974.0,2.1943862950518422,0.0,10.0,504023.26087166165
2431.0,1.0,3.0,2009.0,1.544250828655202,0.0,10.0,538851.8933945443
4246.0,5.0,1.0,2014.0,1.6941655022088895,2.0,6.0,934919.3827777772
2927.0,5.0,2.0,1977.0,2.994518634531552,0.0,4.0,648902.5219843038
2068.0,3.0,1.0,1965.0,1.397773917183238,1.0,5.0,414808.6543176996
4500.0,4.0,1.0,1996.0,1.8227709545760389,0.0,1.0,940080.4444014952
3238.0,2.0,1.0,2007.0,1.5668811883280305,0.0,7.0,676233.0768279255
3998.0,4.0,2.0,1976.0,4.768263244481877,0.0,8.0,866618.3890237983
4413.0,3.0,2.0,2002.0,4.750995794769929,1.0,9.0,983106.2224146988
1566.0,3.0,3.0,1991.0,3.244737013682233,0.0,8.0,367024.37943296967
4880.0,3.0,1.0,2008.0,4.66035110929355,1.0,5.0,1075814.4318808403
2944.0,1.0,3.0,1996.0,4.03615690460768,1.0,3.0,660979.0474886918
4607.0,4.0,1.0,1983.0,3.15476547260814,0.0,10.0,978190.835072989
3873.0,4.0,2.0,1986.0,0.5289584517355808,1.0,9.0,801313.0610758337
4469.0,5.0,2.0,1955.0,3.976323287357318,2.0,6.0,992213.4530121648
3046.0,5.0,2.0,1956.0,3.6611975371481096,0.0,5.0,676719.1220590248
1253.0,5.0,1.0,1974.0,3.268641439770863,0.0,3.0,296184.19659571577
2582.0,3.0,2.0,1982.0,3.9219094025711225,1.0,6.0,587557.3219128358
3274.0,4.0,1.0,2004.0,2.808149741486446,1.0,3.0,724842.1846929234
3396.0,3.0,3.0,2007.0,3.668374720946026,0.0,10.0,762080.8235471162
4685.0,1.0,1.0,1956.0,4.70827439026922,2.0,6.0,955223.3951427988
1275.0,5.0,3.0,2006.0,2.191122571307388,1.0,4.0,354189.0054772034
2125.0,3.0,1.0,1961.0,3.6865482570528143,1.0,2.0,454484.4215050965
3569.0,3.0,3.0,1965.0,2.6405951810493145,2.0,8.0,769087.1879559917
917.0,1.0,2.0,1992.0,3.534798433162917,2.0,4.0,251359.7986427481
614.0,2.0,3.0,1956.0,3.9330200099946384,0.0,9.0,172534.44400203408
1116.0,4.0,2.0,2000.0,0.7045362519610818,2.0,7.0,268244.1761186752
4474.0,2.0,2.0,2022.0,3.409701997768978,0.0,2.0,985699.1860734548
3767.0,5.0,3.0,1981.0,1.5203353298312503,2.0,4.0,824529.5721138918
1325.0,3.0,1.0,1957.0,3.5151464201340503,1.0,5.0,289985.41455097107
2016.0,1.0,1.0,2021.0,2.6074858367021605,0.0,3.0,450594.5679766036
3646.0,1.0,1.0,1994.0,3.980987338391993,0.0,9.0,794010.0167336396
912.0,4.0,1.0,2008.0,1.055303668425184,0.0,5.0,233504.5137836983
1228.0,2.0,1.0,1953.0,3.318450582452878,2.0,2.0,269736.4362439106
3848.0,4.0,2.0,2016.0,1.7531182801739855,1.0,3.0,841676.0140843305
3308.0,3.0,1.0,1978.0,4.3384189789876615,0.0,9.0,707483.440019593
1175.0,4.0,2.0,1978.0,4.677725775363384,0.0,7.0,310471.3888855296
3965.0,1.0,2.0,1977.0,4.983792321555749,0.0,2.0,846516.6709494363
3004.0,1.0,2.0,1993.0,4.082033310922775,0.0,9.0,647388.2995956682
3467.0,5.0,3.0,1953.0,3.891803316926021,1.0,4.0,760678.6016673865
3286.0,5.0,3.0,1958.0,1.4697534149039797,2.0,9.0,681361.2493428746
1622.0,3.0,2.0,1954.0,2.0120317654554896,1.0,2.0,325380.0022571336
4579.0,2.0,3.0,2005.0,2.595571437930258,0.0,10.0,987442.6840517226
2071.0,4.0,1.0,1999.0,3.980214715020124,1.0,4.0,508941.1259280808
2643.0,3.0,1.0,1964.0,4.617346392850859,0.0,5.0,572941.4282388942
2187.0,5.0,2.0,1981.0,1.3511259501034307,2.0,2.0,481489.24616078194
4632.0,4.0,1.0,1977.0,4.650653681015463,2.0,10.0,997885.7696999718
4351.0,5.0,2.0,1971.0,3.630310935593261,2.0,1.0,944921.9815744858
3940.0,4.0,2.0,1966.0,3.2484682880826736,0.0,7.0,842172.2092376931
4266.0,2.0,1.0,2008.0,1.3992857207687277,1.0,10.0,901471.7427249742
2826.0,3.0,3.0,2020.0,0.7498626476411775,2.0,1.0,632482.6223597979
3414.0,4.0,1.0,2006.0,3.058092043285729,0.0,8.0,748136.4563894381
4452.0,1.0,1.0,1975.0,3.431820574980016,0.0,3.0,914555.7450033636
1095.0,1.0,2.0,1974.0,1.4485165220960972,1.0,10.0,214492.39812518292
1228.0,4.0,2.0,1959.0,3.0040529262145537,2.0,6.0,287478.2675046062
1865.0,4.0,2.0,1994.0,4.354220312431581,0.0,7.0,478566.0655908441
4992.0,4.0,2.0,1960.0,4.25779675454759,1.0,10.0,1068538.1056038716
1198.0,1.0,3.0,2002.0,4.673098312638337,2.0,1.0,334276.21781208954
895.0,1.0,3.0,2021.0,2.146486143005962,1.0,6.0,235478.10213396215
4671.0,4.0,3.0,2017.0,1.9312230764791345,1.0,7.0,1028282.3118218936
4860.0,5.0,2.0,1977.0,3.872417026913639,0.0,6.0,1060712.8283115798
3002.0,5.0,2.0,2014.0,2.4400058229365227,0.0,4.0,690243.7506863925
2319.0,2.0,2.0,1998.0,0.8939689881250128,0.0,1.0,501720.6757217424
1217.0,3.0,3.0,1996.0,1.7726050880172488,1.0,9.0,314916.5292154408
3282.0,5.0,2.0,2001.0,2.383620284891701,0.0,4.0,752791.6325948103
4077.0,1.0,1.0,2003.0,1.816323914643134,1.0,7.0,848697.2899849606
643.0,5.0,1.0,2009.0,1.9949250692629472,1.0,7.0,213397.79303700436
3640.0,2.0,2.0,2006.0,1.8219915777847584,0.0,2.0,788471.7465500822
4991.0,2.0,1.0,1996.0,0.6867462523238574,2.0,1.0,1023975.1331555475
3438.0,3.0,1.0,1980.0,3.3669261537099917,2.0,8.0,738091.5512277477
4136.0,5.0,3.0,1995.0,3.187815891590612,2.0,8.0,926531.8100085806
3722.0,1.0,2.0,1975.0,3.4402257431540626,1.0,7.0,781388.9356850483
1667.0,1.0,2.0,1954.0,1.3653945321513237,1.0,8.0,302975.3037628076
3116.0,4.0,3.0,2001.0,1.830445437256184,1.0,3.0,696224.0924052008
1562.0,1.0,1.0,2003.0,3.2882716712521503,0.0,2.0,370689.5462510848
2656.0,3.0,1.0,1982.0,3.1983240580696464,1.0,7.0,559262.3223593918
3482.0,3.0,2.0,1999.0,2.778486392094205,0.0,8.0,775422.1168993582
3794.0,1.0,1.0,1987.0,2.0768596250458886,0.0,1.0,783176.6365627198
1656.0,1.0,3.0,1976.0,4.608189521486104,2.0,10.0,392725.1966639868
1232.0,4.0,3.0,1964.0,2.028966090344797,2.0,9.0,297268.39963389
4830.0,1.0,2.0,2010.0,2.550286203967632,2.0,4.0,1027285.7703285776
1453.0,4.0,3.0,1970.0,3.551512239293939,0.0,4.0,367172.5872737959
3039.0,4.0,3.0,1995.0,2.9435964389004385,0.0,3.0,697780.778011206
3824.0,1.0,2.0,2018.0,2.0609868936397358,0.0,6.0,802714.096172766
3801.0,2.0,3.0,1955.0,2.4604015570542943,1.0,1.0,783978.6474904561
2042.0,2.0,3.0,1987.0,4.075163680340777,0.0,6.0,475471.1766686792
1691.0,4.0,3.0,2011.0,1.751581199689756,2.0,2.0,427302.04370052734
3493.0,1.0,1.0,2011.0,1.1401485789956691,2.0,9.0,724420.5096752369
3181.0,2.0,2.0,1995.0,1.909234408233997,0.0,2.0,690319.8868147184
1717.0,1.0,2.0,1962.0,4.322903969695556,0.0,7.0,383644.1777444591
2040.0,1.0,2.0,1952.0,0.90045371685356,2.0,1.0,379109.0941130737
3736.0,1.0,1.0,1955.0,4.962632330176033,0.0,7.0,758293.3788835382
2886.0,5.0,1.0,1957.0,2.9345130451744814,2.0,5.0,619360.9693678387
4219.0,1.0,2.0,1993.0,4.931805847851923,1.0,8.0,923122.114178692
1888.0,5.0,1.0,1982.0,4.725483899386899,2.0,4.0,477884.3169302657
2356.0,4.0,2.0,1999.0,2.537661713949125,1.0,10.0,558796.2539569193
1865.0,2.0,1.0,1960.0,1.393209835724071,0.0,7.0,366797.3447576696
999.0,2.0,3.0,1977.0,1.241981494543123,0.0,6.0,226125.4126756759
2180.0,2.0,3.0,2019.0,1.5799521374148089,1.0,5.0,507967.8360673265
1010.0,2.0,2.0,1990.0,3.6955968825404177,0.0,4.0,246540.9659359964
4812.0,2.0,1.0,1965.0,1.7282749762916954,1.0,7.0,961367.1393329063
1824.0,2.0,1.0,2017.0,2.0364137132193423,0.0,5.0,427947.1030973768
1655.0,2.0,3.0,1997.0,2.5195046179757665,2.0,5.0,396277.33998439007
2327.0,4.0,3.0,2005.0,4.609547061896554,0.0,1.0,585574.1096146859
3641.0,1.0,1.0,2013.0,1.3522703804818077,2.0,2.0,763296.5725547657
3986.0,3.0,1.0,2008.0,0.5226194867441141,2.0,5.0,827741.1738157432
2310.0,5.0,1.0,2011.0,0.7704338467017657,1.0,3.0,523323.0670600654
3423.0,3.0,1.0,1960.0,4.5714485375605305,0.0,2.0,731262.2024937344
2714.0,3.0,1.0,1967.0,3.413824091795134,1.0,4.0,574450.4841823126
4686.0,1.0,1.0,1968.0,1.7286827869751304,0.0,4.0,923773.1293560604
1213.0,1.0,2.0,2004.0,1.29736625455036,2.0,4.0,269665.8613983956
4102.0,1.0,1.0,1975.0,1.8242003148670145,2.0,4.0,838955.4538986462
4634.0,2.0,3.0,1955.0,1.0165861726307606,0.0,3.0,915104.2350135812
4022.0,4.0,2.0,1953.0,4.736898096279985,0.0,7.0,875981.0268954616
4768.0,2.0,1.0,1978.0,4.028927784643701,1.0,9.0,1017321.3952750646
1743.0,4.0,3.0,2008.0,2.5807602961064333,0.0,5.0,435500.9447943791
4209.0,4.0,2.0,1966.0,4.392331723018408,0.0,4.0,896600.4885198027
1581.0,3.0,3.0,1992.0,1.6225619193195453,0.0,2.0,342679.45001245977
955.0,3.0,1.0,2015.0,3.727042558124871,1.0,2.0,267185.2676416052
1394.0,4.0,1.0,1983.0,4.352596245561846,0.0,5.0,338350.5954344411
1884.0,4.0,1.0,1957.0,2.1054592023047265,2.0,7.0,414166.584309186
2458.0,2.0,1.0,1962.0,3.9085900045282296,1.0,10.0,523387.09594019287
3572.0,2.0,2.0,1957.0,1.827825571689392,1.0,10.0,720713.4288162608
2496.0,3.0,2.0,2014.0,1.8448571086656385,2.0,9.0,551668.6465406333
4785.0,1.0,3.0,1992.0,0.9817573034938372,2.0,7.0,972746.6952602348
1004.0,4.0,1.0,1988.0,2.480261209292294,2.0,5.0,269874.7159038473
1714.0,2.0,3.0,2008.0,3.7837035792384,0.0,10.0,431423.2948124018
2031.0,3.0,2.0,1993.0,4.730993625070783,2.0,10.0,501692.8515892058
3940.0,2.0,1.0,1958.0,3.2170864636809324,0.0,10.0,804904.7205412153
1323.0,4.0,1.0,1986.0,4.384109919810825,1.0,6.0,362719.62685852055
1428.0,4.0,2.0,1985.0,4.201225921806022,1.0,3.0,369407.96419171983
633.0,5.0,2.0,1977.0,1.280043738388764,2.0,5.0,176494.35410241215
2605.0,1.0,2.0,1991.0,2.6861784301068417,0.0,8.0,557218.6456389157
4127.0,5.0,2.0,1992.0,1.0261559098642616,2.0,1.0,909713.435000704
2352.0,3.0,2.0,1991.0,3.569689227027357,2.0,1.0,526951.7757612201
4675.0,2.0,1.0,2015.0,4.774548507107342,0.0,7.0,1033450.4577544982
3433.0,3.0,2.0,2004.0,1.1169025613544044,2.0,5.0,739205.5159327254
3784.0,4.0,1.0,2021.0,3.802474088611436,1.0,5.0,870504.8285910133
4798.0,5.0,1.0,1997.0,3.3450716789053745,2.0,1.0,1045202.3496436334
3311.0,5.0,2.0,1971.0,3.126222666536449,0.0,9.0,722603.6896894623
1750.0,5.0,2.0,1976.0,2.255541056097526,0.0,1.0,409947.2216361178
4012.0,3.0,1.0,2016.0,2.0980924148921565,1.0,5.0,901000.4882338208
1756.0,4.0,2.0,1962.0,0.7036213505849953,0.0,10.0,364834.6821527956
3876.0,2.0,2.0,1994.0,1.4805891871340606,0.0,9.0,795928.1818267058
3986.0,2.0,2.0,1959.0,0.5682959702907211,1.0,4.0,778486.8427341338
4084.0,3.0,3.0,1958.0,3.1163769751190924,2.0,8.0,858011.5135429478
1896.0,5.0,1.0,2003.0,0.97633956145059,1.0,6.0,418888.6616954587
4137.0,1.0,3.0,1976.0,4.428587273133722,2.0,3.0,887527.9071799915
3830.0,3.0,2.0,1983.0,2.8541435931372434,1.0,4.0,827140.4447152761
3203.0,3.0,3.0,1950.0,3.648604590764188,2.0,2.0,673586.747670695
970.0,4.0,2.0,1981.0,2.3488569132822343,1.0,1.0,258717.68020973945
1853.0,2.0,3.0,2020.0,3.022609140504719,2.0,8.0,471816.8853184141
3283.0,3.0,2.0,2016.0,4.741966296349837,1.0,1.0,764387.1612255372
3331.0,3.0,3.0,1969.0,0.8723031783065185,2.0,1.0,687869.2513012193
857.0,5.0,3.0,1984.0,1.6427199736566327,1.0,4.0,252024.0176812598
3519.0,5.0,3.0,1966.0,4.009947471097449,0.0,10.0,788284.6902015205
1167.0,1.0,1.0,1967.0,0.9443174309719964,2.0,10.0,219652.59801356145
4968.0,4.0,3.0,1994.0,0.8404749675684988,1.0,6.0,1043830.2913439176
1645.0,1.0,1.0,2002.0,2.1269362943931736,2.0,9.0,368670.1351204142
4685.0,5.0,2.0,2017.0,0.9147558131259454,2.0,1.0,1015603.7016174662
4219.0,2.0,3.0,2014.0,3.132852989927914,1.0,7.0,909745.2997917284
3245.0,5.0,2.0,1950.0,1.5182386286746992,2.0,10.0,695195.3585354679
1039.0,4.0,2.0,2007.0,4.530640834397175,1.0,5.0,322312.8625079516
3279.0,5.0,3.0,1975.0,4.025750363803655,0.0,8.0,746167.7281082802
4636.0,4.0,1.0,1969.0,3.6486734274476422,2.0,7.0,985351.0239129456
4275.0,4.0,3.0,1959.0,3.2762481232302587,0.0,4.0,896792.553841208
3008.0,4.0,2.0,2008.0,4.3855957865365855,2.0,4.0,716524.6919885611
3279.0,4.0,2.0,1990.0,1.503779276942406,2.0,6.0,695362.741532193
1424.0,4.0,3.0,1954.0,4.428989792439024,2.0,6.0,379005.7118671184
3456.0,2.0,1.0,2014.0,4.052715342908236,1.0,9.0,763645.6101593996
2081.0,1.0,1.0,1966.0,3.866723718744585,0.0,5.0,424881.192942697
3824.0,3.0,2.0,1971.0,3.0256505513371583,2.0,8.0,809782.1662261934
4985.0,1.0,2.0,1990.0,1.6080987243677003,1.0,5.0,1032002.2381140392
755.0,4.0,1.0,2017.0,2.4059656219635333,2.0,2.0,239234.57432207957
2338.0,2.0,3.0,2018.0,4.071067945424607,1.0,6.0,560304.6612210645
2444.0,5.0,2.0,1960.0,0.64300317960796,2.0,9.0,523988.4313016928
509.0,2.0,1.0,2005.0,4.019228461686913,0.0,3.0,179398.43319315853
3371.0,4.0,2.0,2000.0,1.5803183321940493,0.0,1.0,736289.1245550752
1297.0,2.0,3.0,1970.0,1.1493914032472137,2.0,1.0,284798.2134604166
1515.0,2.0,1.0,1975.0,1.0206559318113595,1.0,3.0,327253.4579829949
2324.0,4.0,2.0,1968.0,0.622625053778668,2.0,10.0,506990.3247570412
4969.0,2.0,3.0,2009.0,2.856139183496538,1.0,5.0,1064774.9343224152
3636.0,3.0,2.0,2020.0,1.482169427121783,2.0,3.0,818671.3913349382
2693.0,3.0,3.0,1996.0,4.952442946008342,1.0,9.0,648718.3260877142
723.0,2.0,3.0,2020.0,3.084965401424926,0.0,8.0,236865.43918275135
4658.0,5.0,1.0,1975.0,1.1204837121020468,2.0,3.0,951484.5473650974
4425.0,4.0,3.0,1989.0,3.599431433651144,0.0,9.0,967287.6138508852
4500.0,3.0,2.0,1954.0,4.539846049293764,0.0,6.0,936969.4548360409
2133.0,5.0,3.0,1970.0,3.853307729163265,2.0,7.0,523680.204086382
2652.0,2.0,3.0,1953.0,0.8439793746775145,2.0,4.0,537770.4956241908
1010.0,5.0,1.0,1972.0,4.531478815366968,1.0,4.0,261227.3187203414
884.0,1.0,3.0,1964.0,4.072682236369841,1.0,2.0,217669.8849055049
904.0,3.0,3.0,1957.0,1.2123675504752645,0.0,5.0,198204.1283050715
2500.0,2.0,2.0,1990.0,0.7330364992976759,1.0,8.0,517128.7578663306
3256.0,4.0,1.0,1968.0,3.007897588914388,1.0,7.0,701609.1002837394
2168.0,2.0,1.0,1995.0,1.202161151029896,2.0,7.0,465144.0719417193
1960.0,4.0,1.0,1977.0,4.255659286678725,1.0,6.0,466251.4916197072
4136.0,2.0,3.0,2017.0,2.112505955022532,0.0,3.0,894174.439544655
3224.0,5.0,1.0,1964.0,4.608016001314589,1.0,5.0,705754.4319783618
4678.0,5.0,3.0,1986.0,3.045596774634526,0.0,1.0,1007068.6501452676
2548.0,5.0,3.0,1950.0,1.322025729078507,2.0,7.0,547523.9110807307
4646.0,1.0,2.0,2016.0,1.1281949031191003,0.0,9.0,965317.5061019752
1216.0,4.0,2.0,1973.0,3.094125969009893,1.0,1.0,299226.76708907617
2323.0,5.0,2.0,1976.0,3.928476253380998,2.0,2.0,548288.2433774915
2581.0,1.0,2.0,1989.0,4.016775414839819,1.0,3.0,570399.7427677898
3919.0,4.0,2.0,2012.0,1.7409083199857658,2.0,3.0,875382.7427446679
2074.0,2.0,3.0,2010.0,1.4191104151047536,2.0,8.0,473734.215407891
749.0,1.0,3.0,1985.0,0.5754033702157209,1.0,7.0,146020.40342022013
1173.0,3.0,1.0,1973.0,3.556396180405262,1.0,6.0,288382.46046148066
2665.0,1.0,3.0,1973.0,0.8445571629509254,2.0,10.0,537619.5908056167
1270.0,1.0,3.0,1953.0,2.3934254079466664,2.0,10.0,264215.33977452776
4462.0,4.0,2.0,2016.0,3.2075697380823325,1.0,4.0,1010589.32913523
4863.0,2.0,3.0,1983.0,4.7169902521385465,0.0,9.0,1047149.2482085732
2484.0,3.0,2.0,2006.0,1.9031096163009589,1.0,1.0,562238.4809757017
1577.0,5.0,1.0,1998.0,1.623974731009339,2.0,2.0,370970.3860521568
735.0,5.0,1.0,2002.0,3.443720694287443,1.0,4.0,238459.1158908021
888.0,1.0,3.0,1972.0,3.2865756442411174,0.0,3.0,215993.8951157028
3537.0,4.0,1.0,2018.0,1.9944940248865608,1.0,1.0,769763.673034886
2348.0,4.0,3.0,2002.0,4.676458259794039,2.0,5.0,594755.3248280677
3314.0,5.0,1.0,2011.0,4.301880473703347,1.0,7.0,779336.1178319983
3874.0,3.0,2.0,1990.0,1.5079214563928651,2.0,2.0,820831.6964017673
3778.0,2.0,2.0,2006.0,1.5761414544553545,2.0,5.0,818613.7108034128
1752.0,3.0,2.0,2009.0,2.8053515609918627,1.0,6.0,432824.65856336313
4481.0,2.0,2.0,2003.0,3.9810744577882415,2.0,7.0,996696.835850388
2622.0,5.0,3.0,2019.0,0.6981817072480898,2.0,1.0,604936.830452781
2650.0,2.0,1.0,2006.0,3.62000819180618,0.0,7.0,596659.3685492761
1829.0,4.0,3.0,1959.0,3.4170615382194365,0.0,4.0,417900.59093719104
1858.0,1.0,2.0,1989.0,1.541660431608447,0.0,8.0,376032.361536576
2982.0,1.0,3.0,1956.0,3.5660885595860696,0.0,4.0,626454.2784147046
2517.0,5.0,1.0,1987.0,4.730824360634371,2.0,6.0,629609.0984680437
1831.0,4.0,3.0,2010.0,0.7105363023729583,1.0,9.0,432687.983790756
4844.0,3.0,1.0,1952.0,1.9384342488142812,2.0,5.0,979926.724614952
4761.0,4.0,3.0,2000.0,2.4717952249985986,2.0,4.0,1041122.1131331322
1858.0,1.0,1.0,1996.0,4.546671615161103,2.0,8.0,433664.2275283448
3677.0,1.0,1.0,2017.0,4.8301765097412055,1.0,9.0,806645.0448680979
2628.0,4.0,2.0,1987.0,2.4985186092334954,0.0,4.0,576020.0443075488
2680.0,4.0,1.0,1985.0,3.87512785463986,2.0,3.0,600207.3340100806
637.0,1.0,2.0,1990.0,2.8924746069401737,2.0,8.0,190828.13988469375
3972.0,3.0,2.0,2018.0,2.9200232063361944,0.0,5.0,878049.2511558104
3332.0,5.0,2.0,1962.0,1.751447817798604,2.0,2.0,704212.5239765074
4079.0,5.0,3.0,2007.0,1.476303106387458,1.0,10.0,909836.08484369
3531.0,4.0,3.0,1999.0,1.796024056658185,2.0,9.0,771922.849821314
4664.0,5.0,3.0,1979.0,3.003476032656857,2.0,3.0,1010183.5001098072
3093.0,1.0,3.0,2011.0,0.6311983370994005,0.0,2.0,650748.6977489772
4800.0,1.0,1.0,1974.0,4.582620249603826,2.0,1.0,1018026.9936582922
4318.0,4.0,1.0,1976.0,1.203276692973993,2.0,8.0,897666.0008462978
4638.0,4.0,3.0,2000.0,1.4903990459212395,1.0,3.0,998439.2371139774
4323.0,4.0,1.0,2006.0,2.8322427940144084,0.0,7.0,938864.8192625764
4542.0,3.0,1.0,1996.0,3.6955164485177567,0.0,1.0,978835.1052830342
2406.0,5.0,2.0,1988.0,0.930780746349788,1.0,1.0,533178.2402465394
1260.0,4.0,2.0,1965.0,1.9296261389622296,2.0,9.0,278644.6693366641
3945.0,2.0,2.0,1971.0,4.859035725084607,0.0,8.0,846346.3280926006
1399.0,2.0,2.0,2003.0,1.6805433505142555,0.0,3.0,310271.2636685363
4955.0,1.0,1.0,1970.0,1.908725652784161,2.0,6.0,995441.7102207708
3447.0,5.0,3.0,2021.0,4.264243207781151,2.0,3.0,830557.1687018349
2219.0,4.0,1.0,1965.0,0.7259649426070487,0.0,4.0,470083.2903669343
780.0,2.0,1.0,2008.0,2.590759259640369,2.0,1.0,217462.4450570884
3766.0,5.0,1.0,1980.0,2.208275440032516,0.0,5.0,787281.7359378719
2387.0,1.0,2.0,1991.0,1.9246404195889304,2.0,1.0,508927.8041870647
3766.0,3.0,2.0,1981.0,1.7856481732014404,2.0,1.0,799178.3100544005
1166.0,5.0,2.0,2008.0,0.9111834718718416,1.0,10.0,319601.3915396029
4688.0,5.0,3.0,1983.0,1.91671623208242,2.0,7.0,1004456.2194818492
1171.0,3.0,1.0,1958.0,0.6937358122205086,1.0,6.0,206781.75744307123
2469.0,5.0,3.0,1960.0,4.014337386399959,2.0,2.0,583183.4309103092
4656.0,1.0,2.0,1959.0,2.2920250728110525,0.0,2.0,913774.3890331694
3622.0,1.0,3.0,1966.0,2.497567245439602,0.0,7.0,734501.9542665192
4400.0,3.0,1.0,2017.0,4.521175639025592,2.0,1.0,987241.429730274
1023.0,4.0,1.0,1997.0,3.4612474273754934,2.0,2.0,287822.3768776313
2893.0,2.0,2.0,2001.0,0.536265965039539,0.0,8.0,607535.6340463364
3617.0,4.0,2.0,1974.0,4.744286703325782,2.0,6.0,804727.9577270229
3093.0,5.0,3.0,1970.0,1.5671500968997003,1.0,2.0,665369.9589318279
2468.0,2.0,2.0,2014.0,0.9842638314193648,1.0,7.0,540221.2539417966
2253.0,3.0,2.0,2012.0,3.95657680271397,1.0,4.0,551444.6316158974
2796.0,3.0,1.0,2000.0,2.752147921400232,1.0,2.0,621460.4905680827
2761.0,2.0,2.0,1985.0,2.451967547081079,1.0,6.0,596339.5709584419
2786.0,1.0,2.0,2015.0,1.622763858572338,2.0,9.0,617979.8529750025
4702.0,2.0,1.0,1964.0,2.963621704380434,2.0,9.0,967780.6667222162
3378.0,5.0,1.0,1988.0,1.7347307234116436,1.0,8.0,734156.8160862669
4643.0,1.0,3.0,2019.0,4.557123523791804,2.0,3.0,1021134.6211894122
4144.0,3.0,2.0,1950.0,1.4684201587993675,2.0,3.0,834328.5793736472
4932.0,2.0,1.0,1972.0,4.479598177050891,1.0,2.0,1040389.0481357794
2555.0,4.0,3.0,1988.0,3.0173244157731065,2.0,5.0,602549.2781823011
1776.0,4.0,3.0,2006.0,4.228196602528584,2.0,4.0,468699.4412955908
3266.0,5.0,2.0,1983.0,3.7078069813742975,2.0,7.0,738226.711971728
802.0,4.0,2.0,1990.0,3.6351280014653686,1.0,4.0,237185.9132691445
1138.0,2.0,3.0,2022.0,1.9595561346277508,2.0,9.0,315357.48101832974
555.0,2.0,1.0,1962.0,1.5525361916249156,0.0,2.0,111626.85342361582
1025.0,4.0,3.0,2019.0,1.4489880245635467,0.0,6.0,282660.2192955372
4623.0,2.0,2.0,1955.0,4.357362456768149,1.0,7.0,972040.0599877926
2625.0,5.0,1.0,2001.0,4.19192069116559,0.0,4.0,625113.6084591298
3787.0,1.0,1.0,1952.0,2.482580876055383,1.0,6.0,745395.8553692064
864.0,5.0,3.0,2012.0,1.0958207607340458,0.0,7.0,250123.469112831
2146.0,5.0,2.0,1998.0,2.2201351338985624,0.0,4.0,510968.1406545
1418.0,2.0,3.0,1996.0,3.287045543616101,0.0,8.0,353161.46132211224
3297.0,1.0,3.0,2004.0,2.544814195159788,1.0,9.0,740330.4672038732
2031.0,2.0,3.0,2013.0,4.010851708173478,1.0,1.0,496840.5291926289
3845.0,3.0,1.0,2014.0,4.989302700131234,2.0,7.0,888020.5575222683
2406.0,2.0,1.0,2016.0,1.3600943980200355,1.0,9.0,522309.4058721854
3586.0,2.0,2.0,1964.0,2.568428688468076,0.0,10.0,724033.5604571347
2575.0,2.0,2.0,1981.0,2.439427558643699,0.0,5.0,545482.7420093057
1213.0,1.0,3.0,2017.0,1.8702163973702788,1.0,2.0,305026.7707546245
1562.0,2.0,3.0,1967.0,1.391429825241303,1.0,10.0,355453.1829292205
2476.0,1.0,3.0,1992.0,0.7956145242034665,1.0,6.0,513292.75970622
1796.0,4.0,2.0,1984.0,4.492036927506643,2.0,7.0,442278.7666177528
625.0,3.0,1.0,2007.0,2.389319139588429,0.0,2.0,185569.89426877032
4096.0,1.0,1.0,1982.0,2.73602983325022,2.0,2.0,826494.0471232897
3783.0,4.0,3.0,1963.0,4.626239216904121,2.0,10.0,839074.0204275192
2103.0,1.0,3.0,1983.0,3.993307148821765,0.0,10.0,474659.86005527806
566.0,1.0,3.0,2010.0,1.087255688527329,0.0,1.0,158454.83915736206
732.0,3.0,3.0,1953.0,3.044389854234841,1.0,4.0,190802.0703078011
2656.0,5.0,2.0,2008.0,2.490135244338016,1.0,7.0,619516.332475993
1669.0,5.0,1.0,1978.0,4.087449826604432,2.0,9.0,416605.60725276713
2658.0,1.0,3.0,1955.0,3.759046464253772,1.0,3.0,551324.4886576998
4706.0,2.0,2.0,1998.0,3.606825748599824,1.0,7.0,1000021.7606809204
1993.0,4.0,3.0,1989.0,2.032451759659536,0.0,7.0,462185.7241886994
4507.0,2.0,3.0,2014.0,4.122336786796645,0.0,7.0,985499.1963159838
2972.0,2.0,1.0,2018.0,0.7357608301768754,1.0,2.0,629290.1434469345
3160.0,1.0,3.0,1976.0,1.2183120564447525,0.0,6.0,627322.941247679
3239.0,1.0,1.0,1955.0,2.0103047284006026,1.0,2.0,638451.4027889116
2261.0,1.0,1.0,1962.0,0.8456334848117657,0.0,6.0,439898.8032648414
4014.0,1.0,1.0,2013.0,1.5574742489061122,0.0,10.0,821146.2339055584
2475.0,5.0,2.0,2011.0,4.235679423490632,0.0,3.0,594005.0065233838
2862.0,1.0,2.0,1968.0,4.767131920055357,0.0,2.0,613658.1099473296
1376.0,5.0,1.0,1992.0,1.8707106009838568,1.0,6.0,335417.6369743354
4312.0,5.0,3.0,1969.0,1.690321117949772,2.0,2.0,919941.4098368196
3948.0,1.0,1.0,2017.0,1.759516935108921,0.0,5.0,823529.5488742903
1812.0,3.0,3.0,1993.0,1.7497358930787972,1.0,2.0,415639.6454079276
1960.0,4.0,1.0,1972.0,0.6616858198368785,1.0,3.0,407600.3914029592
3209.0,2.0,3.0,1951.0,4.671123558489986,0.0,3.0,694271.1623037981
2824.0,5.0,2.0,1971.0,1.4616416370664778,2.0,6.0,591174.1368528144
2233.0,4.0,3.0,2006.0,2.3900183333663225,0.0,6.0,525760.8806101802
2105.0,3.0,1.0,2021.0,0.5435909723343548,1.0,10.0,472291.952524426
3063.0,2.0,2.0,1956.0,4.360797909117757,2.0,3.0,647832.2075906589
3921.0,2.0,3.0,2005.0,3.790208050047128,1.0,3.0,889364.8170683798
4017.0,5.0,3.0,2016.0,4.760402158281664,0.0,1.0,935451.9335719376
2897.0,1.0,3.0,1965.0,4.017269656383796,2.0,7.0,625246.1179756841
4235.0,3.0,3.0,2000.0,1.9116793042342937,1.0,8.0,917235.4105319374
3370.0,5.0,3.0,2021.0,1.6154301142779064,1.0,2.0,769318.6038261497
1660.0,3.0,2.0,1961.0,3.639723383989818,1.0,4.0,357130.1202818031
742.0,1.0,2.0,2002.0,2.138507487547248,0.0,10.0,181191.0670440434
3090.0,1.0,2.0,1954.0,3.0479675708867746,2.0,7.0,641013.919122572
1563.0,5.0,2.0,1976.0,0.528158619619116,0.0,8.0,336153.4280264353
4824.0,1.0,1.0,1961.0,0.7784856575621386,0.0,1.0,924012.9418488424
3095.0,4.0,2.0,1966.0,2.90915573531743,0.0,4.0,670894.0581247887
1419.0,2.0,3.0,1955.0,3.047322409016743,2.0,6.0,312202.08717502066
505.0,5.0,3.0,1954.0,3.881538250067046,0.0,3.0,159121.4656145035
967.0,3.0,2.0,2006.0,1.0938439383078278,0.0,5.0,240302.2199712505
4670.0,4.0,3.0,1977.0,2.8093238769055047,0.0,10.0,1001847.3602497705
503.0,5.0,2.0,2018.0,1.3750143999425988,0.0,9.0,206042.3513164644
1145.0,1.0,3.0,2008.0,0.919382538032126,1.0,3.0,275063.0991470561
617.0,1.0,1.0,1982.0,2.3472310732724955,0.0,5.0,147206.86576297088
3428.0,1.0,1.0,2011.0,1.2350149164007576,1.0,8.0,710065.5617561329
3051.0,1.0,2.0,1999.0,1.4980189018654335,0.0,6.0,624411.6024682868
4789.0,3.0,2.0,1968.0,1.9289956094127576,2.0,4.0,988358.2476373828
1346.0,4.0,2.0,2018.0,1.6672478033443832,1.0,8.0,351280.4162027617
3262.0,2.0,3.0,2015.0,0.8941608383267587,1.0,3.0,696027.2851612554
1641.0,3.0,2.0,1996.0,0.9046231018686604,1.0,3.0,364016.40122898977
2310.0,3.0,1.0,1988.0,1.3696223685537567,1.0,4.0,494537.5115454976
1223.0,2.0,3.0,2017.0,0.7275163458179252,2.0,9.0,307116.6791374497
724.0,2.0,2.0,1982.0,3.319056588546172,0.0,5.0,194628.72736203528
4708.0,1.0,3.0,1962.0,1.792970224290059,1.0,8.0,949404.2006657254
2548.0,3.0,3.0,2003.0,1.7588568549608197,2.0,6.0,574912.7662317117
4915.0,5.0,2.0,1956.0,1.9939923240699435,1.0,3.0,1011770.8785945608
2073.0,2.0,3.0,1963.0,3.4825832339437475,0.0,8.0,438849.2345292175
2328.0,2.0,1.0,1968.0,4.417852466675708,1.0,9.0,527715.5373919866
2417.0,4.0,1.0,2003.0,3.9158911965003727,2.0,8.0,580272.8715936985
4734.0,5.0,3.0,1969.0,3.773881536012927,0.0,4.0,1021159.6924822456
2526.0,5.0,2.0,1978.0,2.679760335203821,2.0,6.0,567108.4842135326
4244.0,2.0,3.0,1973.0,3.622125006353353,0.0,1.0,926488.454118578
1401.0,1.0,1.0,2012.0,2.9874306561511244,0.0,4.0,321278.1795200379
2539.0,4.0,3.0,2006.0,1.47312737683938,0.0,8.0,572608.4313965299
509.0,5.0,3.0,1957.0,1.4386476548347282,1.0,1.0,140538.08318538152
760.0,2.0,1.0,2011.0,1.8337640309387755,2.0,3.0,211508.5901215244
2173.0,5.0,3.0,1978.0,4.598612019364159,2.0,1.0,552158.5008426193
2719.0,4.0,3.0,1966.0,2.9633667817087663,2.0,9.0,623326.5868033242
2560.0,4.0,2.0,2015.0,3.802574196508413,0.0,2.0,622100.1895022333
4213.0,3.0,2.0,1955.0,2.059514419174464,1.0,9.0,845932.4082879503
2119.0,2.0,1.0,2007.0,2.3347209679935137,0.0,4.0,468251.3632686849
820.0,4.0,1.0,2018.0,1.0650451038676312,2.0,2.0,236054.0002831533
1842.0,3.0,1.0,1977.0,1.2708273101975167,1.0,4.0,405144.670068021
2876.0,3.0,2.0,2011.0,4.223104496717655,1.0,10.0,663568.5126665218
3332.0,5.0,1.0,1990.0,3.1317738425999693,1.0,6.0,755402.3726912518
3324.0,5.0,1.0,2018.0,2.018896096477185,2.0,7.0,759882.5851426219
2494.0,3.0,1.0,1990.0,4.112830440479957,1.0,3.0,578870.7619594942
3458.0,5.0,2.0,1998.0,1.6093395753709234,1.0,3.0,760720.1464642045
2538.0,4.0,3.0,1998.0,4.892147143700917,0.0,10.0,611557.8808542505
3990.0,1.0,1.0,2020.0,2.051679234857764,0.0,8.0,851283.9163168798
4177.0,4.0,3.0,1952.0,2.017899293680524,1.0,5.0,870212.7996762642
1618.0,3.0,1.0,1959.0,1.9036035749151736,1.0,4.0,340874.6232811248
2104.0,3.0,3.0,1984.0,1.0495018216592955,0.0,7.0,451409.4809711031
4527.0,4.0,2.0,1951.0,1.000117162994056,0.0,7.0,898403.5372117123
735.0,5.0,2.0,1973.0,3.416472655403555,0.0,9.0,198659.21988081493
2469.0,5.0,1.0,1987.0,4.438031200511212,2.0,9.0,600564.2006890622
4929.0,3.0,3.0,1971.0,4.057342296222531,2.0,5.0,1062899.029267778
2408.0,2.0,2.0,1975.0,1.13498417309608,0.0,8.0,476966.9362678016
875.0,5.0,1.0,1992.0,2.955119548064299,1.0,10.0,245941.05648799823
4030.0,4.0,1.0,2004.0,0.97516195689488,0.0,1.0,844959.8412339088
3135.0,5.0,2.0,1988.0,0.7038258962588485,2.0,9.0,663727.5441240586
2070.0,4.0,2.0,1978.0,3.4537363672314525,1.0,8.0,473629.2215424205
3060.0,3.0,1.0,1969.0,2.9081855015615763,2.0,6.0,638284.4789553601
3891.0,5.0,3.0,1990.0,0.8691065834516188,1.0,3.0,833111.8086328949
3465.0,4.0,3.0,2003.0,0.657226608826948,2.0,3.0,749471.4241491086
4143.0,3.0,3.0,1969.0,4.953903860342006,1.0,8.0,891638.5086964626
4350.0,2.0,1.0,1968.0,0.6350959946708234,1.0,5.0,877752.3422257571
1372.0,4.0,2.0,2015.0,2.5003771387257183,1.0,10.0,377431.0643911781
1752.0,2.0,1.0,1979.0,2.77078561073463,1.0,7.0,373171.5899458196
1814.0,2.0,2.0,2002.0,1.0277606651020026,2.0,5.0,405940.62394306617
3398.0,1.0,3.0,1983.0,1.2607780029787232,2.0,8.0,706686.3209428937
577.0,5.0,3.0,1971.0,2.0831225288465864,1.0,10.0,185557.6964804336
3121.0,4.0,2.0,2016.0,3.927541442961482,1.0,10.0,728927.0713778214
4727.0,2.0,2.0,1955.0,2.7818709082712,2.0,4.0,976049.1314638924
1100.0,1.0,1.0,1976.0,3.370558435488327,1.0,2.0,241079.3234902556
1565.0,3.0,3.0,1959.0,4.933285497908036,1.0,3.0,368640.6584269345
2636.0,4.0,1.0,2022.0,3.956024458909444,1.0,8.0,645781.7324767867
2949.0,2.0,1.0,1997.0,2.4546267416354794,0.0,7.0,641526.9853657566
2843.0,5.0,1.0,2019.0,2.508988648084469,1.0,2.0,691113.9194565738
2363.0,1.0,3.0,2008.0,3.2844743466845223,0.0,6.0,528869.8625493657
1818.0,2.0,1.0,2008.0,3.4941434378850698,1.0,9.0,441001.3484190839
4097.0,5.0,1.0,1951.0,2.753199166265021,2.0,4.0,852599.97505604
4262.0,2.0,1.0,1978.0,3.401875502667409,0.0,9.0,894261.7196452515
2690.0,4.0,1.0,2017.0,0.6058962248634445,0.0,2.0,574383.5478606392
1492.0,4.0,1.0,2014.0,2.4333028875357985,1.0,2.0,366271.8455560513
3212.0,4.0,1.0,1975.0,1.7552213423306453,1.0,9.0,665969.5719032948
2692.0,1.0,3.0,1959.0,1.0812850035939967,0.0,7.0,525408.9155105908
1748.0,4.0,1.0,2002.0,0.947959307639488,2.0,7.0,394408.5769492088
3554.0,5.0,2.0,2008.0,3.214364745266004,2.0,1.0,826606.0146181242
4533.0,2.0,1.0,1971.0,2.856202462186753,1.0,6.0,940711.9831153804
2497.0,3.0,1.0,2000.0,1.6411285264836613,2.0,7.0,555012.7033097085
4187.0,5.0,3.0,1997.0,2.619275264476315,2.0,6.0,950877.0053637534
2651.0,5.0,3.0,1970.0,2.715045418320837,1.0,6.0,601083.947569366
4518.0,4.0,2.0,1971.0,1.377540411973771,2.0,2.0,926094.1390762049
3610.0,1.0,2.0,1979.0,3.434418778467428,1.0,6.0,774150.0468123948
2470.0,2.0,3.0,1974.0,4.014137103737407,0.0,4.0,543160.4942000011
697.0,1.0,3.0,1977.0,4.061585934002835,1.0,9.0,202427.97400689824
3126.0,2.0,1.0,2014.0,3.211114238165548,0.0,1.0,708104.0557380343
1702.0,2.0,3.0,1994.0,2.8023736213355632,0.0,8.0,402002.4844273374
2535.0,1.0,2.0,2017.0,0.774532143524277,2.0,5.0,533656.3940212176
977.0,5.0,1.0,1956.0,1.7952408448322263,2.0,1.0,214146.49100738543
1754.0,2.0,2.0,1998.0,0.9197215105017644,2.0,4.0,398823.2673263778
1422.0,1.0,1.0,1958.0,4.837204223953131,1.0,1.0,313266.83650286886
919.0,2.0,3.0,1985.0,1.1078606580159231,2.0,6.0,217213.6452196605
2704.0,3.0,2.0,1950.0,1.1829893443299593,0.0,2.0,539133.0843265855
3097.0,5.0,1.0,1959.0,4.503094782487215,2.0,5.0,697909.6503581115
1620.0,4.0,1.0,1985.0,4.74767727564406,2.0,7.0,418003.15725851554
3568.0,2.0,3.0,2022.0,3.9462306765570943,1.0,2.0,818706.7764361517
1450.0,3.0,3.0,1995.0,0.5243221565270144,1.0,6.0,325738.14789058163
2836.0,4.0,3.0,1981.0,0.5060582193045366,0.0,6.0,605369.8615424815
2743.0,4.0,2.0,1981.0,2.2014534640435284,1.0,5.0,606157.4972713309
3145.0,2.0,1.0,1955.0,1.1452791650490164,2.0,5.0,613606.1874695573
2357.0,1.0,3.0,1997.0,0.5827376396821877,1.0,3.0,503962.1877251642
2365.0,2.0,2.0,1987.0,2.588300102320271,0.0,10.0,510534.1603835063
3412.0,3.0,2.0,1966.0,4.743778538331372,2.0,10.0,744040.0563316267
3353.0,4.0,2.0,1976.0,1.9571880870609413,0.0,2.0,701368.1143168806
3728.0,2.0,3.0,2003.0,3.4751330529291344,1.0,7.0,816939.5874308393
4219.0,1.0,3.0,1999.0,3.435059089095984,1.0,1.0,907601.7861704028
3728.0,2.0,1.0,1984.0,1.629860466493255,0.0,6.0,771385.1497807608
2871.0,5.0,1.0,1974.0,3.4269136197073893,2.0,6.0,636552.7524853058
3391.0,1.0,3.0,1977.0,1.4555028842910107,1.0,3.0,694917.3008745462
4256.0,3.0,2.0,1964.0,1.0490333610960008,1.0,2.0,852368.6069601658
4725.0,4.0,2.0,1953.0,3.6562247850186056,2.0,2.0,993240.2813625648
594.0,2.0,2.0,2022.0,1.0104836769676253,1.0,9.0,158856.84303466187
3174.0,1.0,1.0,1976.0,4.986091483652099,0.0,5.0,678385.989963216
2455.0,5.0,2.0,1975.0,1.325535805176032,1.0,7.0,531945.983279591
1293.0,1.0,1.0,1968.0,3.173638382404059,1.0,5.0,279607.45517641783
2334.0,5.0,1.0,1966.0,2.3511855713566523,2.0,7.0,515300.5927029035
2616.0,3.0,2.0,1992.0,1.068738900825502,0.0,4.0,542247.1622628621
4606.0,4.0,2.0,1990.0,0.6252975840983603,2.0,8.0,974421.4462019108
3825.0,3.0,3.0,1991.0,3.30229527031775,1.0,10.0,843637.4594569862
3419.0,2.0,3.0,1999.0,4.130409037051067,1.0,10.0,772740.0707275409
3097.0,1.0,2.0,1989.0,4.289070476780348,2.0,7.0,685644.2336178538
3705.0,5.0,1.0,1988.0,2.672210628846205,2.0,10.0,808905.5849604708
1314.0,5.0,1.0,1972.0,3.998549602320735,2.0,5.0,341956.2674322983
845.0,1.0,1.0,2001.0,3.5278121006984517,0.0,6.0,222673.0658697626
2849.0,1.0,1.0,1996.0,3.7591453737461,1.0,5.0,604718.223692736
862.0,2.0,1.0,2012.0,2.716695523498164,2.0,7.0,234762.8244790115
2943.0,3.0,3.0,2018.0,3.350352831089572,1.0,2.0,690305.8227623077
2765.0,5.0,2.0,1992.0,4.124866611092257,0.0,5.0,652434.7052233267
2688.0,2.0,3.0,1997.0,2.2904787900066035,0.0,10.0,601890.2919093702
3505.0,3.0,1.0,1983.0,4.126905053904126,0.0,3.0,753186.167662594
3781.0,2.0,1.0,1989.0,3.1640757925507828,0.0,9.0,792681.5184200833
1484.0,5.0,1.0,2010.0,1.246554609668538,1.0,6.0,360372.9780385626
2139.0,1.0,1.0,1999.0,0.6110787075106308,0.0,10.0,422950.9047116141
1327.0,1.0,2.0,2016.0,2.1323912017961844,0.0,3.0,312914.00307582016
3230.0,3.0,1.0,2011.0,2.960133477333529,2.0,7.0,734110.0243598827
4031.0,4.0,2.0,2007.0,4.279191584915697,0.0,4.0,899849.5188200921
4951.0,3.0,1.0,1982.0,1.073685560631108,2.0,3.0,1017583.4273609958
3435.0,4.0,2.0,1965.0,4.100928564576106,0.0,8.0,729494.9061684583
4376.0,2.0,3.0,1997.0,4.383540707302521,0.0,4.0,953339.7306451156
626.0,2.0,1.0,1959.0,1.178093691503752,2.0,1.0,113576.5123703764
3677.0,5.0,2.0,1987.0,4.332174436868986,0.0,6.0,847131.2132821754
3556.0,4.0,3.0,1968.0,4.961541055292564,1.0,10.0,796875.0927818617
1103.0,5.0,1.0,1985.0,3.770774739717069,1.0,1.0,280149.1863612468
3949.0,1.0,1.0,2008.0,4.0314635682124464,0.0,5.0,833283.0644545743
4646.0,4.0,1.0,2012.0,4.974868704014931,1.0,7.0,1046163.3264236908
4033.0,3.0,2.0,1995.0,3.224665627366754,2.0,6.0,889107.6929684004
3867.0,1.0,2.0,1952.0,1.8854887190731224,0.0,2.0,760436.8893623694
3868.0,1.0,3.0,2014.0,4.26888875334225,0.0,4.0,864309.0323581436
4297.0,3.0,2.0,1957.0,3.2651859988023406,2.0,2.0,910000.3859570916
2292.0,1.0,2.0,2000.0,3.1153794067443044,2.0,1.0,512734.7788937932
3361.0,4.0,1.0,2022.0,1.6413599998131725,2.0,3.0,762769.5055574658
3976.0,5.0,1.0,1955.0,3.90350421312299,0.0,3.0,827432.4143465807
3917.0,1.0,1.0,1988.0,0.8675027413704332,2.0,7.0,780363.0627911759
2145.0,4.0,1.0,2009.0,4.659291818575976,2.0,1.0,524818.9633293215
1705.0,2.0,1.0,1977.0,1.9662055734671813,1.0,9.0,354744.6305953098
3530.0,4.0,1.0,2003.0,1.074985937554957,1.0,6.0,754662.1768906609
3372.0,5.0,1.0,1986.0,2.4906493989608847,0.0,4.0,733900.7559066785
3572.0,4.0,3.0,1958.0,0.6911145916543993,1.0,3.0,729385.5524036873
2354.0,3.0,3.0,2005.0,3.5808178741923484,1.0,3.0,556236.7348047679
4521.0,5.0,3.0,2008.0,4.5621747970041024,2.0,2.0,1039730.2135109294
3208.0,2.0,3.0,1951.0,4.267683532123289,2.0,2.0,672640.7862957919
4002.0,3.0,1.0,2010.0,1.073162630515465,1.0,10.0,860129.7292090545
1832.0,4.0,3.0,2007.0,1.0682201169847934,1.0,5.0,432387.0410257919
701.0,5.0,1.0,2009.0,4.160455170459189,1.0,9.0,246717.9663664509
4007.0,2.0,3.0,1989.0,4.659144235714022,0.0,2.0,897176.5668201512
4712.0,3.0,2.0,1985.0,2.573014234250701,0.0,2.0,976572.7481782682
1074.0,2.0,3.0,1986.0,2.7453700261119467,0.0,6.0,251724.67925135957
1036.0,4.0,3.0,1967.0,1.9321791862357665,1.0,10.0,238220.4845448509
2125.0,2.0,1.0,2012.0,4.524193032153863,1.0,2.0,514184.1816653132
2622.0,1.0,3.0,1971.0,3.4020630738156017,0.0,4.0,561747.2624036099
885.0,3.0,2.0,1960.0,1.797132097253158,0.0,6.0,194353.7361399757
3781.0,2.0,1.0,2007.0,1.844522919744132,1.0,5.0,826587.7969711117
974.0,4.0,1.0,2006.0,4.51040032878621,2.0,1.0,280961.6803897855
917.0,4.0,3.0,1953.0,0.5613531075761966,0.0,6.0,191907.6525048871
4100.0,2.0,1.0,1956.0,1.9522695772698728,1.0,1.0,809712.7379333257
1454.0,4.0,1.0,2010.0,2.9946050654736607,1.0,3.0,369854.9244932172
1705.0,5.0,1.0,2003.0,1.166978579446961,2.0,10.0,400306.9574091656
4620.0,5.0,1.0,2017.0,0.914444393898154,1.0,5.0,985628.9692003924
2490.0,5.0,1.0,1950.0,4.16874348990752,1.0,10.0,567376.4006946473
4072.0,1.0,1.0,2004.0,4.524819748918283,0.0,5.0,889695.2695039134
4880.0,2.0,2.0,1952.0,4.206228893591852,0.0,10.0,1004325.3931894517
4658.0,1.0,3.0,1987.0,4.544545503818065,2.0,6.0,1021278.340082141
3213.0,4.0,2.0,1950.0,2.989003869762672,2.0,10.0,665309.7683934513
2703.0,1.0,1.0,1987.0,4.155161544456538,1.0,8.0,576620.3718535388
3620.0,4.0,1.0,1978.0,2.228191872759952,0.0,5.0,738643.2007694525
1466.0,4.0,3.0,1954.0,3.4982053766556733,2.0,1.0,343678.93524860224
3932.0,3.0,2.0,1970.0,4.94975989125124,2.0,5.0,865263.3836358162
1188.0,5.0,3.0,2020.0,1.5157747572760734,2.0,3.0,342365.20713846444
4743.0,4.0,2.0,2016.0,2.254548858309863,1.0,4.0,1037911.6519852468
4201.0,3.0,1.0,1996.0,2.660213197895385,0.0,8.0,876992.62965777
841.0,5.0,3.0,1984.0,1.1210696915902327,2.0,7.0,238047.5927999937
2224.0,4.0,3.0,2017.0,0.8646737470927555,0.0,5.0,518166.38138878136
4922.0,4.0,1.0,2018.0,4.23375289844731,2.0,2.0,1108236.8362913695
2292.0,1.0,3.0,1950.0,4.895574677724138,2.0,6.0,483905.9983899615
2259.0,1.0,2.0,2017.0,2.321262787233464,0.0,6.0,509733.85039647983
3712.0,5.0,2.0,1961.0,0.8944242628759398,0.0,10.0,747938.7115439639
1489.0,4.0,2.0,2009.0,0.7961529231075941,0.0,10.0,347769.0613211003
2762.0,2.0,2.0,1976.0,4.5109319286213445,1.0,6.0,619407.6279156839
2982.0,1.0,1.0,2005.0,2.5871641237745595,2.0,9.0,646118.3979191775
1451.0,5.0,3.0,1972.0,1.940122924530764,1.0,8.0,338786.44407016825
1222.0,4.0,2.0,1974.0,2.644075720577298,0.0,8.0,291123.86737050366
3889.0,4.0,1.0,1970.0,1.932368426115563,2.0,1.0,796470.173239297
2579.0,2.0,3.0,2010.0,2.70066098888429,1.0,5.0,603812.5887922472
3217.0,5.0,3.0,2012.0,4.368003786130716,2.0,7.0,779867.2165969982
2832.0,4.0,1.0,2001.0,3.1653561697794306,1.0,6.0,656065.8419892447
3876.0,1.0,1.0,1974.0,3.625941977645789,0.0,5.0,793323.8127937265
2000.0,2.0,2.0,2004.0,2.1410180430545145,1.0,8.0,448879.5107617519
785.0,5.0,3.0,1995.0,3.8232764532973342,2.0,3.0,262707.27893308154
3995.0,2.0,3.0,1981.0,3.4997768819571755,2.0,6.0,872258.3925462884
2565.0,1.0,1.0,2004.0,1.038028989884254,2.0,5.0,530476.1232749791
1268.0,5.0,3.0,1954.0,3.0768928390201307,2.0,8.0,321199.3469094537
3557.0,2.0,2.0,1985.0,1.655345733393911,0.0,4.0,730405.6620242158
4789.0,3.0,3.0,1998.0,4.118430513351168,1.0,8.0,1033816.8247013512
2661.0,1.0,1.0,2007.0,2.416719688101228,0.0,10.0,564747.6546436538
3793.0,1.0,1.0,1988.0,4.976078743384193,0.0,2.0,804450.0990071343
1446.0,1.0,2.0,2010.0,0.916251970725337,0.0,9.0,316282.80679770344
3835.0,3.0,2.0,1958.0,4.011565382330714,2.0,9.0,806269.4033782159
4650.0,3.0,3.0,1955.0,3.531657800939704,2.0,10.0,988234.6180212416
1981.0,4.0,3.0,1984.0,3.9537447376581754,2.0,10.0,489595.4124613424
2401.0,2.0,1.0,1988.0,1.8838840797070533,1.0,6.0,504682.30124801846
3951.0,4.0,2.0,1971.0,2.714245202220803,2.0,4.0,851472.5994111879
4564.0,2.0,2.0,1990.0,4.084288338756688,1.0,4.0,991703.3944221088
554.0,3.0,2.0,1954.0,1.5464359922938475,2.0,6.0,120795.5523667112
2323.0,3.0,3.0,1991.0,1.5171493855489344,2.0,5.0,511645.2377877411
3962.0,4.0,2.0,2016.0,2.979729289827196,0.0,6.0,868356.2431862867
3579.0,5.0,1.0,1979.0,2.856036107884351,0.0,7.0,765780.0440479134
1332.0,4.0,1.0,2006.0,1.7701811168581978,0.0,7.0,317780.5942863934
4908.0,2.0,3.0,2022.0,1.8413404273617024,1.0,9.0,1058290.680940349
3306.0,4.0,3.0,1978.0,1.7503032344295448,1.0,8.0,708003.0797050629
2990.0,1.0,2.0,1986.0,3.9718042789931935,2.0,6.0,663456.3939054122
827.0,2.0,3.0,1962.0,3.4335538950310727,1.0,6.0,198773.4757127592
3810.0,2.0,1.0,1981.0,4.245877325346138,2.0,5.0,821117.7482116626
3800.0,5.0,2.0,1995.0,4.889628627413098,1.0,1.0,888184.3038431654
4175.0,3.0,1.0,1972.0,2.633739333223939,1.0,9.0,869924.3421379088
3554.0,2.0,2.0,1994.0,0.8001224663245199,1.0,9.0,734201.4615779822
2643.0,3.0,3.0,1966.0,0.7164153968541594,0.0,9.0,530326.7865334606
1811.0,4.0,2.0,2015.0,1.8304926767222864,1.0,8.0,436325.0761836845
3691.0,1.0,2.0,1955.0,4.696450652086029,0.0,10.0,758140.6272517709
3038.0,5.0,1.0,1967.0,2.854458747368937,0.0,3.0,647006.812552705
4483.0,3.0,1.0,1971.0,1.723039322360581,1.0,1.0,921002.248222852
664.0,2.0,2.0,1982.0,2.296250575299588,2.0,8.0,170024.87591657112
4777.0,3.0,3.0,1979.0,3.1936779833210185,2.0,7.0,1009807.4390560028
1322.0,2.0,3.0,1981.0,3.43827346162029,2.0,5.0,345655.79485490214
1443.0,3.0,1.0,1991.0,1.1926377940230726,1.0,10.0,320689.2188217977
4925.0,2.0,3.0,1959.0,4.896642544453292,2.0,7.0,1034380.2041616676
1274.0,4.0,1.0,1985.0,2.95147502142255,0.0,10.0,304653.63604893
2698.0,2.0,3.0,1983.0,1.1105974300652568,2.0,4.0,571367.8252792631
3656.0,2.0,2.0,2022.0,4.521358640057602,1.0,9.0,856066.3005338378
4742.0,1.0,1.0,1977.0,0.8358729398574296,2.0,10.0,931856.9695152728
4195.0,2.0,1.0,1960.0,4.584809449298807,0.0,2.0,882532.5489330415
3952.0,1.0,2.0,1988.0,4.984545453300421,1.0,9.0,875163.0460692297
1414.0,5.0,1.0,1996.0,3.6519430962042674,2.0,9.0,372292.6033923184
1808.0,1.0,3.0,1968.0,3.967012494832954,1.0,5.0,402330.051233892
4677.0,4.0,3.0,1964.0,2.017862764103689,1.0,1.0,965304.8489878176
1013.0,1.0,1.0,1977.0,4.737095837302702,1.0,7.0,248621.82614873743
2420.0,5.0,3.0,1973.0,2.8837128474876543,2.0,10.0,560889.7929688855
4094.0,4.0,1.0,2021.0,3.795748009688997,1.0,10.0,933332.7201261588
1909.0,3.0,2.0,1958.0,4.658484721600757,2.0,4.0,453579.1055342158
3690.0,3.0,1.0,1996.0,4.888309891889787,0.0,9.0,814843.6877321303
4991.0,1.0,2.0,1982.0,4.249419604685034,2.0,6.0,1037268.0434280155
2055.0,1.0,3.0,2011.0,1.8635787814191351,0.0,3.0,460741.2339285246
1304.0,5.0,2.0,1968.0,4.849463824484371,2.0,6.0,357477.332666952
1779.0,5.0,3.0,2016.0,3.326537890596073,1.0,10.0,480192.2452357916
4077.0,2.0,1.0,1989.0,4.687891143583819,2.0,6.0,886451.6346786668
3401.0,5.0,3.0,1996.0,3.5424726161645834,1.0,5.0,786584.6102391081
1887.0,2.0,1.0,2014.0,1.8825753283147424,0.0,2.0,439793.0780082437
3261.0,4.0,1.0,1978.0,2.165110358642672,2.0,10.0,701493.9970692651
3179.0,1.0,2.0,1999.0,2.977122996963232,1.0,10.0,683723.1607044176
2606.0,4.0,2.0,1962.0,4.055066787019469,0.0,2.0,572024.023634332
4723.0,5.0,2.0,1950.0,1.9309214810315072,0.0,7.0,964865.2986386952
3268.0,4.0,2.0,1983.0,3.1087902476038645,2.0,2.0,742599.2533323644
